Rk,Player,Pos,Age,Tm,G,GS,MP,FG,FGA,FG%,3P,3PA,3P%,2P,2PA,2P%,FT,FTA,FT%,ORB,DRB,TRB,AST,STL,BLK,TOV,PF,PTS,,ORtg,DRtg
1,Alex Abrines\abrinal01,SG,24,OKC,75,8,1134,5.0,12.7,.395,3.7,9.7,.380,1.4,3.1,.443,1.7,2.0,.848,1.1,3.9,5.0,1.2,1.7,0.4,1.1,5.4,15.4,,116,110
2,Quincy Acy\acyqu01,PF,27,BRK,70,8,1359,4.6,13.0,.356,3.6,10.4,.349,1.0,2.6,.384,1.8,2.1,.817,1.4,7.7,9.1,2.0,1.2,1.0,2.1,5.3,14.7,,99,110
3,Steven Adams\adamsst01,C,24,OKC,76,76,2487,8.9,14.2,.629,0.0,0.0,.000,8.9,14.2,.631,3.2,5.7,.557,7.7,6.0,13.7,1.8,1.8,1.6,2.6,4.3,21.1,,125,107
4,Bam Adebayo\adebaba01,C,20,MIA,69,19,1368,6.4,12.5,.512,0.0,0.3,.000,6.4,12.2,.523,4.7,6.6,.721,4.3,9.7,14.0,3.7,1.2,1.5,2.4,5.1,17.5,,116,105
5,Arron Afflalo\afflaar01,SG,32,ORL,53,3,682,4.7,11.6,.401,1.9,5.0,.386,2.7,6.6,.413,1.6,1.9,.846,0.3,4.5,4.7,2.2,0.3,0.6,1.5,4.0,12.8,,98,115
6,Cole Aldrich\aldrico01,C,29,MIN,21,0,49,5.1,15.3,.333,0.0,0.0,,5.1,15.3,.333,2.0,6.1,.333,3.1,12.2,15.3,3.1,2.0,1.0,1.0,11.2,12.2,,85,107
7,LaMarcus Aldridge\aldrila01,C,32,SAS,75,75,2509,13.8,27.1,.510,0.5,1.9,.293,13.3,25.3,.526,6.7,8.0,.837,5.0,7.8,12.8,3.1,0.9,1.8,2.2,3.3,34.9,,118,105
8,Jarrett Allen\allenja01,C,19,BRK,72,31,1441,7.9,13.4,.589,0.2,0.5,.333,7.7,12.9,.599,3.8,5.0,.776,4.9,8.2,13.1,1.7,0.9,3.0,2.8,5.0,19.8,,119,108
9,Kadeem Allen\allenka01,PG,25,BOS,18,1,107,2.8,10.3,.273,0.0,5.1,.000,2.8,5.1,.545,3.3,4.2,.778,1.9,3.3,5.1,5.6,1.4,0.9,4.2,7.0,8.9,,78,106
10,Tony Allen\allento01,SF,36,NOP,22,0,273,7.7,15.9,.484,0.7,2.1,.333,7.0,13.8,.506,1.9,3.7,.524,3.5,4.7,8.2,1.6,1.9,0.5,3.3,8.6,18.0,,95,110
11,Al-Farouq Aminu\aminual01,PF,27,POR,69,67,2072,5.5,14.0,.395,3.0,8.1,.369,2.5,5.8,.432,1.4,1.9,.738,2.3,10.3,12.6,2.0,1.9,1.0,1.9,3.3,15.5,,105,104
12,Justin Anderson\anderju01,SF,24,PHI,38,0,519,8.1,18.7,.431,3.2,9.5,.330,4.9,9.2,.535,2.6,3.5,.737,2.3,6.3,8.6,2.3,1.4,0.6,1.5,5.0,21.9,,110,107
13,Kyle Anderson\anderky01,SF,24,SAS,74,67,1978,5.9,11.2,.527,0.5,1.5,.333,5.4,9.7,.556,2.7,3.7,.712,2.1,8.0,10.1,5.2,2.9,1.5,2.4,2.9,14.9,,114,101
14,Ryan Anderson\anderry01,PF,29,HOU,66,50,1725,5.9,13.7,.431,3.7,9.7,.386,2.2,4.0,.539,2.1,2.7,.774,2.7,6.8,9.4,1.7,0.7,0.6,1.2,3.6,17.6,,121,109
15,Ike Anigbogu\anigbik01,C,19,IND,11,0,30,6.7,15.0,.444,0.0,0.0,,6.7,15.0,.444,8.3,10.0,.833,8.3,6.7,15.0,0.0,1.7,5.0,3.3,1.7,21.7,,114,104
16,Giannis Antetokounmpo\antetgi01,PF,23,MIL,75,75,2756,13.4,25.4,.529,0.8,2.5,.307,12.6,22.8,.554,8.8,11.6,.760,2.8,10.8,13.6,6.5,2.0,1.9,4.0,4.2,36.4,,116,106
17,Carmelo Anthony\anthoca01,PF,33,OKC,78,78,2501,9.4,23.2,.404,3.4,9.4,.357,6.0,13.8,.437,2.9,3.8,.767,1.3,7.7,9.0,2.0,0.9,1.0,2.0,3.9,25.0,,104,109
18,OG Anunoby\anunoog01,SF,20,TOR,74,62,1481,5.4,11.5,.471,2.4,6.6,.371,3.0,5.0,.604,1.3,2.1,.629,1.5,4.7,6.1,1.8,1.7,0.5,1.5,4.3,14.6,,113,108
19,Ryan Arcidiacono\arcidry01,PG,23,CHI,24,0,304,2.7,6.6,.415,1.4,5.0,.290,1.3,1.6,.800,0.8,1.0,.833,0.2,3.9,4.0,5.6,2.1,0.0,2.1,2.9,7.7,,105,112
20,Trevor Ariza\arizatr01,SF,32,HOU,67,67,2269,5.8,14.1,.412,3.7,10.0,.368,2.1,4.1,.519,1.6,1.9,.854,0.7,5.7,6.4,2.3,2.1,0.3,1.1,2.9,17.0,,114,107
21,Darrell Arthur\arthuda01,PF,29,DEN,19,1,141,7.7,16.5,.468,2.8,8.1,.348,4.9,8.4,.583,0.7,1.1,.667,1.1,4.2,5.3,3.2,2.8,1.1,5.3,7.7,19.0,,90,109
22,Jamel Artis\artisja01,SG,25,ORL,15,1,279,5.4,13.9,.392,1.4,5.1,.276,4.0,8.8,.460,1.2,2.1,.583,0.7,6.0,6.7,3.2,0.4,0.5,1.4,1.9,13.5,,94,114
23,Omer Asik\asikom01,C,31,TOT,18,0,182,2.4,5.8,.409,0.0,0.0,,2.4,5.8,.409,1.1,3.4,.308,2.4,10.0,12.4,0.8,0.5,1.1,2.4,5.3,5.8,,76,110
23,Omer Asik\asikom01,C,31,NOP,14,0,121,2.8,6.3,.438,0.0,0.0,,2.8,6.3,.438,1.6,4.7,.333,2.8,11.8,14.6,0.8,0.4,0.8,2.0,5.5,7.1,,85,109
23,Omer Asik\asikom01,C,31,CHI,4,0,61,1.6,4.8,.333,0.0,0.0,,1.6,4.8,.333,0.0,0.8,.000,1.6,6.4,8.0,0.8,0.8,1.6,3.2,4.8,3.2,,52,112
24,D.J. Augustin\augusdj01,PG,30,ORL,75,36,1760,6.8,15.0,.452,3.2,7.6,.419,3.6,7.5,.485,4.6,5.3,.868,0.8,3.6,4.5,8.0,1.5,0.0,3.4,2.6,21.3,,116,113
25,Luke Babbitt\babbilu01,SF,28,TOT,50,14,715,6.3,14.8,.423,4.1,10.7,.385,2.1,4.1,.525,1.2,1.5,.773,0.5,6.1,6.6,2.1,0.5,0.5,1.3,3.7,17.8,,109,113
25,Luke Babbitt\babbilu01,SF,28,ATL,37,9,570,6.9,14.4,.476,4.2,9.5,.441,2.7,4.9,.544,1.5,1.9,.773,0.4,6.5,6.9,2.2,0.6,0.4,1.3,4.0,19.4,,119,114
25,Luke Babbitt\babbilu01,SF,28,MIA,13,5,145,3.8,16.3,.234,3.8,15.6,.244,0.0,0.7,.000,0.0,0.0,,0.7,4.5,5.2,1.7,0.3,0.7,1.4,2.4,11.4,,74,111
26,Dwayne Bacon\bacondw01,SG,22,CHO,53,6,713,4.9,13.1,.375,0.8,2.9,.256,4.2,10.2,.409,1.4,1.7,.800,0.3,8.2,8.5,2.6,1.1,0.1,1.6,3.1,12.0,,88,111
27,Ron Baker\bakerro01,SG,24,NYK,29,1,385,2.6,7.6,.339,1.4,4.2,.333,1.2,3.3,.346,2.6,3.3,.769,0.6,3.2,3.9,6.1,3.3,0.8,2.3,4.2,9.1,,104,109
28,Wade Baldwin\baldwwa01,PG,21,POR,7,0,80,8.7,13.1,.667,2.5,3.1,.800,6.2,9.9,.625,3.7,6.2,.600,0.6,4.4,5.0,3.1,1.2,0.6,2.5,7.5,23.6,,131,109
29,Lonzo Ball\balllo01,PG,20,LAL,52,50,1780,5.5,15.2,.360,2.4,7.9,.305,3.0,7.2,.420,0.9,1.9,.451,1.9,7.8,9.7,10.1,2.4,1.2,3.7,3.1,14.2,,97,106
30,J.J. Barea\bareajo01,PG,33,DAL,69,10,1603,9.5,21.6,.439,3.6,9.8,.367,5.9,11.8,.499,2.5,3.2,.784,0.5,5.8,6.3,13.6,1.1,0.1,4.5,2.6,25.1,,109,112
31,Harrison Barnes\barneha02,PF,25,DAL,77,77,2634,10.2,23.0,.445,2.3,6.3,.357,8.0,16.7,.478,4.9,6.0,.827,1.5,7.5,8.9,2.9,0.9,0.3,2.2,1.8,27.7,,105,111
32,Will Barton\bartowi01,SG,27,DEN,81,40,2683,8.6,19.0,.452,2.9,7.8,.370,5.7,11.2,.510,3.4,4.2,.805,1.3,6.3,7.6,6.1,1.5,1.0,2.8,3.1,23.4,,113,112
33,Nicolas Batum\batumni01,SG,29,CHO,64,64,1981,6.6,16.0,.415,2.3,6.7,.336,4.4,9.3,.473,2.7,3.2,.831,1.4,6.1,7.5,8.6,1.6,0.6,3.2,1.8,18.2,,107,110
34,Jerryd Bayless\bayleje01,SG,29,PHI,39,11,925,5.7,13.6,.416,2.8,7.6,.370,2.9,6.0,.474,1.8,2.3,.795,0.8,3.4,4.2,2.8,1.2,0.3,2.4,4.7,16.0,,102,109
35,Aron Baynes\baynear01,C,31,BOS,81,67,1485,7.1,15.0,.471,0.1,0.7,.143,7.0,14.3,.487,2.0,2.6,.756,4.4,10.2,14.6,3.1,0.7,1.7,2.7,6.7,16.2,,103,103
36,Kent Bazemore\bazemke01,SG,28,ATL,65,65,1789,7.8,18.5,.420,2.9,7.5,.394,4.8,11.0,.438,4.4,5.5,.796,0.7,6.1,6.8,6.2,2.7,1.2,4.3,4.0,22.8,,101,108
37,Bradley Beal\bealbr01,SG,24,WAS,82,82,2977,11.4,24.8,.460,3.3,8.8,.375,8.1,15.9,.507,4.9,6.1,.793,1.0,5.0,6.1,6.2,1.6,0.6,3.6,2.7,31.0,,109,110
38,Malik Beasley\beaslma01,SG,21,DEN,62,0,583,6.2,15.1,.410,2.4,7.0,.341,3.8,8.2,.469,1.9,2.8,.667,1.2,4.8,6.0,2.6,1.3,0.6,2.0,3.1,16.7,,101,113
39,Michael Beasley\beaslmi01,PF,29,NYK,74,30,1653,12.3,24.2,.507,1.0,2.6,.395,11.2,21.6,.520,3.7,4.8,.780,2.9,9.5,12.4,3.7,1.1,1.3,4.3,4.3,29.3,,103,110
40,Marco Belinelli\belinma01,SG,31,TOT,80,2,1947,8.4,19.0,.442,3.7,9.9,.377,4.7,9.2,.511,3.7,4.1,.908,0.5,3.3,3.7,3.7,1.6,0.3,2.3,2.3,24.2,,111,111
40,Marco Belinelli\belinma01,SG,31,ATL,52,1,1210,8.0,19.5,.411,3.7,10.0,.372,4.3,9.6,.451,4.1,4.4,.927,0.5,3.5,4.0,4.2,1.9,0.1,2.2,1.7,23.9,,109,113
40,Marco Belinelli\belinma01,SG,31,PHI,28,1,737,9.0,18.2,.495,3.7,9.7,.385,5.3,8.5,.618,3.1,3.5,.870,0.4,2.9,3.3,2.9,1.3,0.6,2.6,3.3,24.8,,114,109
41,Jordan Bell\belljo01,C,23,GSW,57,13,809,6.9,11.0,.627,0.0,0.2,.000,6.9,10.8,.641,1.8,2.6,.682,3.6,8.8,12.3,6.1,2.1,3.3,3.0,5.5,15.6,,121,103
42,DeAndre' Bembry\bembrde01,SF,23,ATL,26,3,455,5.7,13.7,.414,1.2,3.2,.367,4.5,10.5,.429,2.0,3.5,.576,0.9,6.9,7.7,5.3,2.3,1.3,5.0,4.1,14.6,,83,109
43,Dragan Bender\bendedr01,PF,20,PHO,82,37,2069,4.3,11.2,.386,2.7,7.4,.366,1.6,3.7,.426,0.9,1.2,.765,0.9,7.4,8.4,3.0,0.5,1.2,2.6,3.8,12.3,,95,114
44,Davis Bertans\bertada01,PF,25,SAS,77,10,1086,7.5,17.0,.440,4.4,11.7,.373,3.1,5.3,.588,1.9,2.3,.816,0.8,6.3,7.1,3.4,1.2,1.3,1.7,4.3,21.2,,115,106
45,Patrick Beverley\beverpa01,SG,29,LAC,11,11,334,7.0,17.3,.403,3.5,8.7,.400,3.5,8.6,.407,2.0,2.5,.824,2.3,4.2,6.6,4.7,2.6,0.7,3.6,4.9,19.5,,102,110
46,Khem Birch\birchkh01,C,25,ORL,42,0,578,5.8,10.7,.540,0.0,0.0,,5.8,10.7,.540,3.6,5.2,.689,5.9,9.3,15.2,2.9,1.3,1.8,1.8,4.7,15.1,,123,108
47,Jabari Bird\birdja01,SG,23,BOS,13,1,115,6.5,11.3,.577,1.3,3.0,.429,5.2,8.3,.632,2.6,5.6,.462,2.6,5.6,8.3,3.5,1.3,0.4,3.5,3.0,16.9,,107,106
48,Bismack Biyombo\biyombi01,C,25,ORL,82,25,1495,6.0,11.5,.520,0.0,0.0,.000,6.0,11.5,.521,3.3,5.1,.650,4.7,10.6,15.3,2.2,0.7,3.1,2.8,5.2,15.3,,108,107
49,Nemanja Bjelica\bjeline01,PF,29,MIN,67,21,1371,6.2,13.5,.461,2.8,6.7,.415,3.5,6.9,.505,1.3,1.6,.800,1.9,8.1,10.0,3.1,1.8,0.6,1.9,5.1,16.6,,114,110
50,Tarik Black\blackta01,C,26,HOU,51,2,536,6.9,11.7,.591,0.1,1.0,.091,6.8,10.6,.638,2.7,5.8,.460,5.8,9.2,15.0,1.2,1.9,2.8,3.2,9.8,16.5,,110,102
51,Antonio Blakeney\blakean01,SG,21,CHI,19,0,314,8.2,22.2,.371,2.3,8.1,.288,5.9,14.1,.418,4.7,6.1,.769,0.6,4.5,5.1,3.1,1.1,0.2,1.7,3.0,23.5,,96,114
52,Eric Bledsoe\bledser01,PG,28,TOT,74,74,2322,10.0,21.2,.473,2.7,7.7,.347,7.4,13.5,.545,5.4,6.8,.792,1.1,5.0,6.1,7.9,3.2,0.9,4.6,4.0,28.2,,108,108
52,Eric Bledsoe\bledser01,PG,28,PHO,3,3,83,9.2,23.1,.400,2.3,7.5,.308,6.9,15.6,.444,6.3,8.1,.786,1.7,2.3,4.0,5.2,2.3,1.2,5.8,3.5,27.1,,94,113
52,Eric Bledsoe\bledser01,PG,28,MIL,71,71,2239,10.1,21.1,.476,2.7,7.7,.349,7.4,13.4,.550,5.4,6.8,.793,1.1,5.1,6.2,8.0,3.2,0.9,4.6,4.0,28.2,,109,108
53,Vander Blue\blueva01,SG,25,LAL,5,0,45,1.1,5.3,.200,0.0,2.1,.000,1.1,3.2,.333,1.1,2.1,.500,0.0,1.1,1.1,3.2,1.1,0.0,3.2,2.1,3.2,,52,114
54,Bogdan Bogdanovic\bogdabo01,SG,25,SAC,78,53,2175,8.0,18.0,.446,3.0,7.7,.392,5.0,10.3,.485,2.3,2.8,.840,0.7,4.5,5.2,6.0,1.7,0.4,2.9,4.0,21.3,,107,113
55,Bojan Bogdanovic\bogdabo02,SF,28,IND,80,80,2464,8.2,17.3,.474,3.1,7.8,.402,5.1,9.5,.534,3.6,4.2,.868,0.6,4.9,5.5,2.4,1.1,0.2,2.1,2.6,23.1,,114,112
56,Andrew Bogut\bogutan01,C,33,LAL,23,5,216,3.8,5.5,.680,0.0,0.0,,3.8,5.5,.680,0.4,0.4,1.000,5.8,11.5,17.3,3.3,0.9,2.9,4.2,8.9,8.0,,106,104
57,Joel Bolomboy\bolomjo01,PF,24,MIL,6,0,38,3.9,7.9,.500,0.0,1.3,.000,3.9,6.6,.600,3.9,7.9,.500,7.9,5.2,13.1,0.0,2.6,0.0,2.6,3.9,11.8,,109,111
58,Devin Booker\bookede01,SG,21,PHO,54,54,1865,11.7,27.1,.432,3.8,9.9,.383,7.9,17.2,.460,7.4,8.4,.878,0.7,5.6,6.3,6.5,1.2,0.4,5.0,4.3,34.5,,105,115
59,Trevor Booker\booketr01,PF,30,TOT,68,7,1158,7.4,14.4,.516,0.3,1.4,.242,7.1,13.0,.545,2.8,3.9,.710,4.9,8.4,13.4,3.4,1.2,0.9,2.5,5.0,18.0,,114,108
59,Trevor Booker\booketr01,PF,30,BRK,18,6,395,9.5,18.4,.513,0.4,1.5,.250,9.1,17.0,.536,2.9,5.3,.558,4.7,10.0,14.6,4.7,1.0,0.6,3.7,5.3,22.2,,105,110
59,Trevor Booker\booketr01,PF,30,PHI,33,0,494,5.9,10.6,.560,0.2,0.7,.286,5.7,9.9,.578,3.1,3.8,.821,4.6,7.3,11.9,2.6,1.6,1.1,1.9,5.0,15.2,,125,105
59,Trevor Booker\booketr01,PF,30,IND,17,1,269,7.2,15.6,.464,0.6,2.6,.214,6.7,13.0,.514,1.9,2.0,.909,5.9,8.4,14.3,3.2,0.7,0.9,1.7,4.8,16.9,,115,110
60,Chris Boucher\bouchch01,PF,25,GSW,1,0,1,0.0,48.2,.000,0.0,48.2,.000,0.0,0.0,,0.0,0.0,,0.0,48.2,48.2,0.0,0.0,0.0,0.0,0.0,0.0,,0,88
61,Avery Bradley\bradlav01,SG,27,TOT,46,46,1433,9.0,21.7,.414,2.6,7.0,.369,6.4,14.6,.436,2.2,2.8,.768,0.8,3.3,4.0,3.3,1.8,0.3,3.5,3.2,22.8,,92,110
61,Avery Bradley\bradlav01,SG,27,DET,40,40,1268,9.2,22.4,.409,2.9,7.6,.381,6.3,14.8,.423,2.4,3.1,.763,0.7,3.0,3.7,3.3,1.8,0.3,3.7,3.1,23.6,,92,110
61,Avery Bradley\bradlav01,SG,27,LAC,6,6,165,7.7,16.2,.473,0.3,2.7,.111,7.4,13.6,.543,0.6,0.6,1.000,0.9,5.6,6.5,3.2,1.5,0.3,2.4,3.5,16.2,,96,112
62,Tony Bradley\bradlto01,C,20,UTA,9,0,29,5.2,19.0,.273,0.0,1.7,.000,5.2,17.3,.300,3.5,3.5,1.000,6.9,12.1,19.0,1.7,0.0,0.0,0.0,1.7,13.8,,95,107
63,Corey Brewer\breweco01,SF-SG,31,TOT,72,18,1208,5.7,12.7,.449,1.2,4.4,.282,4.5,8.3,.539,2.6,3.6,.722,1.7,4.5,6.2,2.6,3.2,0.6,2.0,5.6,15.3,,107,106
63,Corey Brewer\breweco01,SF,31,LAL,54,2,694,5.4,11.9,.453,0.6,3.0,.186,4.8,8.9,.543,2.3,3.5,.667,1.6,4.8,6.4,2.8,2.8,0.6,2.6,5.7,13.6,,97,107
63,Corey Brewer\breweco01,SG,31,OKC,18,16,514,6.2,13.9,.444,2.2,6.5,.343,4.0,7.4,.532,3.0,3.8,.795,1.9,4.0,5.9,2.3,3.7,0.6,1.1,5.4,17.6,,121,105
64,Malcolm Brogdon\brogdma01,PG,25,MIL,48,20,1436,8.5,17.5,.485,2.2,5.6,.385,6.3,11.9,.532,2.6,3.0,.882,0.8,4.6,5.4,5.3,1.4,0.5,2.3,4.4,21.7,,112,113
65,Aaron Brooks\brookaa01,PG,33,MIN,32,1,189,7.4,18.3,.406,2.9,8.2,.355,4.5,10.1,.447,2.1,2.9,.727,1.9,2.6,4.5,5.3,1.6,0.0,2.9,7.4,19.8,,103,115
66,Dillon Brooks\brookdi01,SF,22,MEM,82,74,2350,7.3,16.6,.440,2.0,5.7,.356,5.3,10.9,.484,2.7,3.6,.747,1.1,4.5,5.5,2.9,1.6,0.4,2.7,5.0,19.3,,100,113
67,MarShon Brooks\brookma01,SG,29,MEM,7,1,193,13.4,26.7,.500,5.0,8.4,.594,8.4,18.3,.457,5.2,6.0,.870,2.1,3.4,5.5,6.5,2.9,0.8,4.2,1.6,36.9,,117,111
68,Anthony Brown\brownan02,SF,25,MIN,1,0,4,12.5,12.5,1.000,12.5,12.5,1.000,0.0,0.0,,0.0,0.0,,0.0,0.0,0.0,12.5,0.0,0.0,0.0,0.0,37.5,,279,120
69,Bobby Brown\brownbo02,PG,33,HOU,20,0,115,8.1,24.8,.328,4.7,17.1,.275,3.4,7.7,.444,0.4,0.9,.500,0.0,3.0,3.0,4.7,1.7,0.0,3.9,2.6,21.4,,83,110
70,Jaylen Brown\brownja02,SG,21,BOS,70,70,2152,8.7,18.6,.465,2.8,7.1,.395,5.9,11.5,.507,3.5,5.4,.644,1.5,6.5,8.0,2.6,1.6,0.6,2.9,4.2,23.6,,105,105
71,Lorenzo Brown\brownlo01,PG,27,TOR,14,0,139,5.0,12.1,.412,0.7,4.3,.167,4.3,7.8,.545,0.7,0.7,1.000,0.4,5.0,5.3,4.6,1.8,0.0,1.1,2.5,11.3,,102,108
72,Markel Brown\brownma02,SG,26,HOU,4,0,31,3.2,11.1,.286,1.6,7.9,.200,1.6,3.2,.500,0.0,0.0,,1.6,6.3,7.9,3.2,0.0,0.0,3.2,9.5,7.9,,74,111
73,Sterling Brown\brownst02,SG,22,MIL,54,4,776,5.3,13.2,.400,2.1,5.8,.352,3.2,7.3,.439,1.3,1.5,.875,1.7,7.5,9.2,1.6,2.0,0.8,1.6,5.1,13.9,,100,110
74,Nicolas Brussino\brussni01,SF,24,ATL,4,0,10,0.0,9.8,.000,0.0,9.8,.000,0.0,0.0,,0.0,0.0,,0.0,14.7,14.7,0.0,0.0,0.0,0.0,0.0,0.0,,0,111
75,Thomas Bryant\bryanth01,C,20,LAL,15,0,72,5.3,14.0,.381,0.7,6.6,.100,4.7,7.3,.636,3.3,6.0,.556,2.0,9.3,11.3,4.0,0.7,1.3,1.3,4.0,14.6,,100,108
76,Reggie Bullock\bullore01,SF,26,DET,62,52,1732,7.7,15.7,.489,3.6,8.1,.445,4.1,7.6,.536,1.1,1.4,.796,0.8,3.7,4.4,2.7,1.4,0.4,1.4,2.0,20.1,,118,110
77,Trey Burke\burketr01,PG,25,NYK,36,9,785,12.2,24.2,.503,2.4,6.6,.362,9.8,17.6,.556,2.3,3.6,.649,0.8,3.7,4.5,10.7,1.5,0.3,2.7,2.7,29.1,,117,114
78,Alec Burks\burksal01,SG,26,UTA,64,1,1059,8.1,19.6,.411,2.2,6.7,.331,5.8,12.9,.452,5.1,5.9,.863,0.9,8.2,9.1,3.2,1.8,0.4,2.8,3.6,23.4,,102,105
79,Jimmy Butler\butleji01,SG,28,MIN,59,59,2164,10.1,21.3,.474,1.6,4.6,.350,8.5,16.7,.509,8.4,9.8,.854,1.8,5.4,7.3,6.7,2.7,0.6,2.5,1.8,30.2,,122,110
80,Dwight Buycks\buyckdw01,PG,28,DET,29,0,427,9.6,23.1,.414,1.8,5.3,.333,7.8,17.9,.438,4.2,4.8,.878,1.4,3.4,4.8,6.9,2.2,0.2,4.6,4.6,25.1,,97,109
81,Bruno Caboclo\cabocbr01,SF,22,TOT,12,0,107,4.2,14.6,.290,1.4,8.0,.176,2.8,6.6,.429,2.4,2.8,.833,3.3,7.1,10.4,2.4,1.4,1.9,1.9,3.8,12.3,,87,110
81,Bruno Caboclo\cabocbr01,SF,22,TOR,2,0,7,0.0,14.1,.000,0.0,14.1,.000,0.0,0.0,,0.0,0.0,,0.0,7.0,7.0,7.0,7.0,0.0,0.0,7.0,0.0,,33,95
81,Bruno Caboclo\cabocbr01,SF,22,SAC,10,0,100,4.6,14.7,.310,1.5,7.6,.200,3.0,7.1,.429,2.5,3.0,.833,3.5,7.1,10.6,2.0,1.0,2.0,2.0,3.5,13.1,,90,111
82,Jose Calderon\caldejo01,PG,36,CLE,57,32,914,5.0,9.9,.503,2.4,5.2,.464,2.6,4.7,.545,1.3,1.6,.800,0.8,3.8,4.5,6.3,1.4,0.1,2.2,4.3,13.7,,122,115
83,Kentavious Caldwell-Pope\caldwke01,SG,24,LAL,74,74,2458,6.6,15.5,.426,3.1,8.1,.383,3.5,7.5,.473,3.0,3.8,.789,1.2,6.4,7.5,3.2,2.1,0.3,1.9,2.8,19.3,,111,108
84,Isaiah Canaan\canaais01,PG-SG,26,TOT,20,1,422,5.9,15.5,.380,2.5,7.5,.333,3.4,8.1,.423,5.2,5.8,.902,0.7,4.4,5.1,8.6,1.8,0.1,3.3,4.1,19.5,,110,114
84,Isaiah Canaan\canaais01,SG,26,HOU,1,0,4,0.0,12.3,.000,0.0,0.0,,0.0,12.3,.000,0.0,0.0,,0.0,12.3,12.3,0.0,0.0,0.0,0.0,0.0,0.0,,0,109
84,Isaiah Canaan\canaais01,PG,26,PHO,19,1,418,6.0,15.6,.382,2.5,7.6,.333,3.4,8.0,.429,5.3,5.8,.902,0.7,4.4,5.0,8.7,1.8,0.1,3.3,4.1,19.7,,110,114
85,Clint Capela\capelca01,C,23,HOU,74,74,2034,10.7,16.4,.652,0.0,0.0,.000,10.7,16.3,.653,3.5,6.2,.560,5.8,13.6,19.4,1.6,1.4,3.3,2.5,4.5,24.8,,126,101
86,DeMarre Carroll\carrode01,SF,31,BRK,73,73,2180,7.2,17.5,.414,3.2,8.7,.371,4.0,8.8,.457,4.2,5.5,.764,2.3,8.3,10.7,3.3,1.3,0.7,2.3,3.7,21.9,,109,110
87,Vince Carter\cartevi01,SF,41,SAC,58,5,1026,5.6,14.0,.403,2.8,8.1,.345,2.8,5.8,.483,1.4,1.8,.757,0.9,6.4,7.3,3.4,2.1,1.3,1.8,4.7,15.4,,103,110
88,Michael Carter-Williams\cartemi01,PG,26,CHO,52,2,835,4.4,13.4,.332,0.8,3.4,.237,3.6,9.9,.365,4.3,5.2,.820,2.2,5.9,8.1,6.8,2.6,1.3,3.0,5.8,14.0,,98,107
89,Alex Caruso\carusal01,PG,23,LAL,37,7,562,4.3,9.9,.431,1.1,3.7,.302,3.1,6.2,.507,1.8,2.6,.700,1.3,4.3,5.5,6.4,2.0,0.9,3.6,4.4,11.4,,98,109
90,Omri Casspi\casspom01,SF,29,GSW,53,7,740,7.8,13.5,.580,0.7,1.4,.455,7.2,12.0,.595,3.3,4.5,.725,2.0,11.1,13.0,3.3,1.2,1.2,2.4,4.6,19.5,,117,107
91,Willie Cauley-Stein\caulewi01,C,24,SAC,73,58,2044,9.6,19.1,.502,0.1,0.3,.250,9.5,18.8,.506,3.8,6.1,.619,3.2,9.4,12.6,4.3,1.9,1.7,2.7,4.6,23.1,,106,108
92,Tyler Cavanaugh\cavanty01,PF,23,ATL,39,1,518,6.3,14.3,.441,3.0,8.4,.360,3.3,5.9,.556,1.6,2.0,.810,4.2,7.7,12.0,2.5,0.8,0.4,1.3,5.8,17.3,,119,112
93,Mario Chalmers\chalmma01,PG,31,MEM,66,10,1421,6.0,15.8,.379,1.9,6.8,.277,4.1,9.0,.456,4.2,4.9,.855,0.5,5.1,5.6,7.0,2.8,0.5,4.2,6.4,18.0,,96,110
94,Tyson Chandler\chandty01,C,35,PHO,46,46,1151,5.0,7.8,.647,0.0,0.0,,5.0,7.8,.647,2.4,3.9,.617,5.6,11.8,17.4,2.2,0.7,1.1,2.5,4.4,12.5,,122,111
95,Wilson Chandler\chandwi01,SF,30,DEN,74,71,2346,5.9,13.3,.445,1.9,5.2,.358,4.1,8.1,.501,1.9,2.4,.772,2.2,6.3,8.4,3.4,0.9,0.8,1.9,3.3,15.6,,110,113
96,Marquese Chriss\chrisma01,PF,20,PHO,72,49,1527,6.3,15.0,.423,1.8,6.0,.295,4.6,9.0,.509,3.0,5.0,.608,2.4,10.0,12.4,2.6,1.6,2.2,3.4,6.4,17.4,,95,109
97,Ian Clark\clarkia01,SG,26,NOP,74,2,1455,7.3,16.2,.448,2.0,6.4,.318,5.2,9.8,.533,1.5,1.9,.763,0.3,3.8,4.2,3.6,1.1,0.3,1.9,3.9,18.1,,102,112
98,Jordan Clarkson\clarkjo01,SG,25,TOT,81,2,1888,11.0,24.4,.451,2.9,8.1,.352,8.1,16.2,.500,3.9,4.9,.800,1.5,4.1,5.5,5.6,1.5,0.2,3.2,2.7,28.7,,106,112
98,Jordan Clarkson\clarkjo01,SG,25,LAL,53,2,1256,11.4,25.4,.448,2.6,8.0,.324,8.8,17.4,.505,4.0,5.0,.795,1.7,4.4,6.1,6.6,1.5,0.1,3.6,2.4,29.4,,105,111
98,Jordan Clarkson\clarkjo01,SG,25,CLE,28,0,632,10.2,22.2,.456,3.4,8.4,.407,6.7,13.9,.486,3.6,4.5,.810,1.0,3.5,4.5,3.7,1.5,0.2,2.5,3.4,27.4,,109,115
99,Gian Clavell\clavegi01,SG,24,DAL,7,0,64,4.7,14.1,.333,4.7,11.8,.400,0.0,2.4,.000,1.6,1.6,1.000,0.8,4.7,5.5,2.4,1.6,0.0,1.6,6.3,15.7,,102,111
100,Antonius Cleveland\clevean01,SG,23,TOT,17,0,123,3.2,8.5,.381,1.2,1.6,.750,2.0,6.9,.294,1.6,2.4,.667,1.2,4.4,5.7,0.8,2.8,2.0,2.8,9.3,9.3,,78,107
100,Antonius Cleveland\clevean01,SG,23,DAL,13,0,81,2.5,8.7,.286,0.0,0.6,.000,2.5,8.1,.308,1.2,2.5,.500,1.2,5.0,6.2,1.2,3.7,2.5,1.2,6.8,6.2,,70,103
100,Antonius Cleveland\clevean01,SG,23,ATL,4,0,42,4.7,8.1,.571,3.5,3.5,1.000,1.2,4.7,.250,2.3,2.3,1.000,1.2,3.5,4.7,0.0,1.2,1.2,5.8,14.0,15.1,,90,113
101,John Collins\collijo01,PF,20,ATL,74,26,1785,8.6,14.9,.576,0.4,1.3,.340,8.2,13.6,.598,3.6,5.1,.715,4.8,10.0,14.8,2.7,1.3,2.2,2.9,5.9,21.3,,117,108
102,Zach Collins\colliza01,C,20,POR,66,1,1045,5.5,13.8,.398,1.7,5.4,.310,3.8,8.4,.455,1.3,2.0,.643,2.1,8.4,10.5,2.5,0.8,1.5,2.8,6.3,13.9,,93,107
103,Kyle Collinsworth\colliky01,SF,26,DAL,32,2,480,4.0,10.4,.384,0.4,1.8,.235,3.6,8.6,.415,2.2,4.2,.525,3.3,7.8,11.2,5.9,1.8,0.9,2.5,4.6,10.6,,98,108
104,Darren Collison\collida01,PG,30,IND,69,64,2018,7.8,15.8,.495,2.4,5.1,.468,5.4,10.7,.508,3.1,3.6,.882,0.9,3.5,4.4,9.1,2.3,0.4,2.1,3.0,21.2,,126,110
105,Nick Collison\collini01,PF,37,OKC,15,0,75,8.6,12.6,.684,0.0,0.0,,8.6,12.6,.684,3.3,8.6,.385,4.6,8.6,13.2,2.6,0.0,0.0,4.6,4.6,20.5,,106,112
106,Mike Conley\conlemi01,PG,30,MEM,12,12,373,8.7,22.8,.381,3.3,10.4,.312,5.4,12.3,.440,7.2,8.9,.803,0.0,3.7,3.7,6.6,1.6,0.4,2.4,3.3,27.8,,108,114
107,Pat Connaughton\connapa01,SG,25,POR,82,5,1488,5.5,13.0,.423,2.5,7.0,.352,3.0,6.0,.506,1.2,1.5,.841,1.2,4.2,5.4,3.0,0.8,0.7,1.4,4.0,14.7,,110,110
108,Quinn Cook\cookqu01,PG,24,GSW,33,18,740,7.9,16.4,.484,3.0,6.8,.442,4.9,9.6,.514,1.4,1.6,.880,0.7,4.7,5.3,5.8,0.8,0.1,2.1,3.8,20.3,,115,113
109,Charles Cooke\cookech01,SG,23,NOP,13,0,38,2.5,17.6,.143,1.3,10.1,.125,1.3,7.5,.167,1.3,2.5,.500,0.0,2.5,2.5,1.3,1.3,0.0,1.3,0.0,7.5,,45,113
110,Jack Cooley\cooleja01,PF,26,SAC,7,0,87,7.6,15.7,.481,0.0,0.0,,7.6,15.7,.481,8.1,11.0,.737,8.1,9.3,17.4,3.5,0.6,0.0,1.7,7.6,23.3,,126,113
111,Matt Costello\costema01,C,24,SAS,4,0,32,3.2,6.3,.500,0.0,0.0,,3.2,6.3,.500,0.0,0.0,,1.6,12.6,14.2,3.2,3.2,3.2,1.6,11.1,6.3,,101,96
112,DeMarcus Cousins\couside01,C,27,NOP,48,48,1737,11.2,23.7,.470,2.9,8.1,.354,8.3,15.7,.530,8.1,10.8,.746,2.9,14.1,17.0,7.1,2.2,2.1,6.7,5.0,33.3,,104,102
113,Robert Covington\covinro01,SF,27,PHI,80,80,2532,6.6,15.9,.413,3.9,10.4,.369,2.7,5.4,.497,2.2,2.6,.853,1.0,7.2,8.2,3.0,2.6,1.4,2.4,4.5,19.2,,107,103
114,Allen Crabbe\crabbal01,SG,25,BRK,75,68,2197,7.4,18.3,.407,4.4,11.8,.378,3.0,6.5,.461,2.5,3.0,.852,0.6,6.5,7.2,2.6,1.0,0.8,1.7,3.7,21.9,,108,112
115,Torrey Craig\craigto01,SF,27,DEN,39,5,629,4.9,10.8,.453,1.3,4.6,.293,3.5,6.2,.570,1.7,2.8,.629,3.2,6.9,10.0,2.0,0.9,1.2,1.6,5.0,12.8,,111,112
116,Jamal Crawford\crawfja01,SG,37,MIN,80,0,1653,9.3,22.4,.415,3.1,9.5,.331,6.2,12.9,.477,3.1,3.4,.903,0.6,2.4,3.0,5.6,1.2,0.3,2.9,2.6,24.9,,104,116
117,Jordan Crawford\crawfjo02,SG,29,NOP,5,0,53,10.8,24.3,.444,7.2,12.6,.571,3.6,11.7,.308,0.9,0.9,1.000,1.8,1.8,3.6,11.7,0.9,0.9,4.5,6.3,29.7,,116,113
118,Jae Crowder\crowdja01,SF,27,TOT,80,47,2090,6.4,15.9,.404,2.6,8.1,.323,3.8,7.8,.488,2.9,3.5,.818,1.4,5.1,6.5,2.3,1.5,0.5,1.7,4.4,18.3,,105,111
118,Jae Crowder\crowdja01,SF,27,CLE,53,47,1346,5.7,13.7,.418,2.3,6.9,.328,3.5,6.8,.508,2.8,3.3,.848,1.5,4.8,6.3,2.1,1.5,0.4,1.5,4.5,16.5,,109,113
118,Jae Crowder\crowdja01,SF,27,UTA,27,0,744,7.7,19.9,.386,3.2,10.2,.316,4.4,9.6,.462,2.9,3.8,.768,1.2,5.7,6.9,2.8,1.6,0.6,2.2,4.2,21.5,,99,106
119,Dante Cunningham\cunnida01,SF,30,TOT,73,25,1562,5.0,11.2,.451,1.8,5.2,.345,3.3,6.0,.541,1.0,1.6,.596,2.4,6.8,9.2,1.5,1.2,0.9,1.0,3.4,12.8,,110,110
119,Dante Cunningham\cunnida01,SF,30,NOP,51,24,1115,4.2,9.6,.440,1.5,4.6,.324,2.7,5.0,.547,0.9,1.5,.556,2.1,6.1,8.3,1.1,1.2,0.7,0.7,3.2,10.8,,110,111
119,Dante Cunningham\cunnida01,SF,30,BRK,22,1,447,7.1,15.1,.468,2.5,6.5,.383,4.6,8.6,.532,1.2,1.7,.688,3.0,8.4,11.4,2.4,1.3,1.5,1.8,3.9,17.8,,110,109
120,Stephen Curry\curryst01,PG,29,GSW,51,51,1631,12.6,25.5,.495,6.3,14.8,.423,6.4,10.7,.595,8.2,8.9,.921,1.1,6.6,7.7,9.2,2.4,0.2,4.5,3.4,39.8,,125,108
121,Troy Daniels\danietr01,SG,26,PHO,79,15,1622,6.8,17.0,.403,5.4,13.5,.400,1.4,3.5,.419,1.7,1.9,.875,0.4,3.4,3.7,1.4,0.8,0.1,1.7,4.0,20.7,,109,117
122,Anthony Davis\davisan02,PF,24,NOP,75,75,2727,13.7,25.6,.534,1.0,2.8,.340,12.7,22.8,.558,8.7,10.5,.828,3.3,11.3,14.6,3.0,2.0,3.4,2.8,2.8,36.9,,119,102
123,Deyonta Davis\davisde01,C,21,MEM,62,6,943,8.6,14.2,.608,0.0,0.0,,8.6,14.2,.608,2.0,3.1,.667,4.0,9.4,13.4,2.1,0.8,2.1,1.7,6.7,19.3,,122,110
124,Ed Davis\davised01,C,28,POR,78,0,1471,5.7,9.9,.582,0.0,0.0,.000,5.7,9.8,.584,2.5,3.8,.667,6.2,13.3,19.4,1.4,1.1,1.8,2.2,6.4,14.0,,121,103
125,Dewayne Dedmon\dedmode01,C,28,ATL,62,46,1542,7.9,15.1,.524,1.6,4.5,.355,6.3,10.6,.595,2.1,2.7,.779,3.2,12.3,15.5,2.9,1.3,1.6,2.7,5.1,19.5,,111,107
126,Sam Dekker\dekkesa01,PF,23,LAC,73,1,883,7.0,14.3,.494,0.6,3.3,.167,6.5,11.0,.593,2.0,3.1,.661,2.4,7.2,9.6,2.1,1.3,0.5,1.8,3.9,16.7,,107,111
127,Malcolm Delaney\delanma01,PG,28,ATL,54,3,1014,5.3,13.7,.382,2.2,6.0,.371,3.0,7.8,.391,3.6,4.4,.804,0.4,4.4,4.8,7.9,1.7,0.3,3.2,3.9,16.3,,104,113
128,Matthew Dellavedova\dellama01,PG,27,MIL,38,3,712,3.9,10.6,.362,2.0,5.5,.372,1.8,5.2,.351,1.8,1.9,.926,1.0,3.5,4.5,10.2,1.0,0.0,3.4,4.7,11.5,,104,115
129,Luol Deng\denglu01,SF,32,LAL,1,1,13,3.7,7.4,.500,0.0,0.0,,3.7,7.4,.500,0.0,0.0,,0.0,0.0,0.0,3.7,3.7,0.0,3.7,0.0,7.4,,77,109
130,DeMar DeRozan\derozde01,SG,28,TOR,80,80,2711,11.7,25.7,.456,1.6,5.2,.312,10.1,20.5,.493,8.4,10.2,.825,1.1,4.7,5.7,7.6,1.5,0.4,3.2,2.7,33.5,,114,109
131,Cheick Diallo\diallch01,PF,21,NOP,52,0,581,8.4,14.5,.580,0.0,0.0,,8.4,14.5,.580,4.1,5.4,.758,3.9,13.5,17.3,1.6,0.9,1.7,2.3,6.7,20.9,,118,105
132,Gorgui Dieng\dienggo01,C,28,MIN,79,0,1333,7.0,14.6,.479,0.7,2.3,.311,6.3,12.3,.511,3.0,3.8,.775,4.0,9.5,13.5,2.7,1.7,1.5,2.2,5.5,17.6,,112,109
133,Spencer Dinwiddie\dinwisp01,PG,24,BRK,80,58,2306,6.8,17.6,.387,3.0,9.1,.326,3.9,8.5,.452,4.6,5.6,.813,0.8,4.6,5.5,11.0,1.4,0.5,2.7,3.9,21.2,,114,112
134,Tyler Dorsey\dorsety01,SG,21,ATL,56,5,974,7.2,19.2,.377,3.6,10.0,.362,3.6,9.2,.393,2.3,3.2,.714,0.9,5.7,6.5,4.0,0.9,0.3,1.9,3.2,20.3,,100,114
135,Damyean Dotson\dotsoda01,SG,23,NYK,44,2,474,7.5,16.8,.447,2.3,7.1,.324,5.2,9.7,.538,1.7,2.4,.696,0.9,7.8,8.8,3.2,1.3,0.2,1.8,3.6,19.0,,106,112
136,Milton Doyle\doylemi01,SG,24,BRK,10,0,125,5.0,18.3,.277,1.6,8.9,.174,3.5,9.3,.375,1.6,3.1,.500,1.2,5.8,7.0,3.9,2.3,0.8,0.8,5.0,13.2,,81,109
137,PJ Dozier\doziepj01,PG,21,OKC,2,0,3,16.5,33.1,.500,0.0,0.0,,16.5,33.1,.500,0.0,0.0,,0.0,16.5,16.5,0.0,0.0,0.0,16.5,16.5,33.1,,59,107
138,Goran Dragic\dragigo01,PG,31,MIA,75,75,2378,10.2,22.7,.450,2.3,6.3,.370,7.9,16.4,.481,4.6,5.7,.801,1.1,5.3,6.5,7.6,1.3,0.3,3.5,3.8,27.4,,108,109
139,Larry Drew\drewla02,PG,27,TOT,10,0,70,4.8,16.4,.292,2.0,6.1,.333,2.7,10.2,.267,0.0,0.0,,2.0,0.0,2.0,6.8,0.0,0.0,2.0,4.1,11.6,,87,117
139,Larry Drew\drewla02,PG,27,PHI,3,0,15,3.2,22.4,.143,0.0,9.6,.000,3.2,12.8,.250,0.0,0.0,,3.2,0.0,3.2,6.4,0.0,0.0,3.2,6.4,6.4,,51,114
139,Larry Drew\drewla02,PG,27,NOP,7,0,55,5.2,14.8,.353,2.6,5.2,.500,2.6,9.5,.273,0.0,0.0,,1.7,0.0,1.7,6.9,0.0,0.0,1.7,3.5,13.0,,101,118
140,Andre Drummond\drumman01,C,24,DET,78,78,2625,8.9,16.7,.529,0.0,0.2,.000,8.9,16.5,.536,4.5,7.5,.605,7.6,16.1,23.7,4.5,2.2,2.4,3.8,4.8,22.3,,113,99
141,Jared Dudley\dudleja01,PF,32,PHO,48,0,686,3.3,8.5,.393,2.0,5.6,.363,1.3,2.9,.452,1.9,2.4,.771,0.6,6.0,6.6,5.4,1.7,0.8,2.0,5.9,10.6,,110,113
142,Kris Dunn\dunnkr01,PG,23,CHI,52,43,1525,9.2,21.3,.429,1.4,4.3,.321,7.8,17.0,.457,2.7,3.7,.730,0.8,6.3,7.1,9.9,3.3,0.9,4.8,5.6,22.4,,96,107
143,Kevin Durant\duranke01,PF,29,GSW,68,68,2325,13.1,25.3,.516,3.6,8.6,.419,9.5,16.8,.565,7.4,8.4,.889,0.6,9.0,9.6,7.6,1.0,2.5,4.3,2.8,37.1,,119,107
144,Jarell Eddie\eddieja01,SF,26,TOT,3,0,9,0.0,11.0,.000,0.0,11.0,.000,0.0,0.0,,0.0,0.0,,0.0,5.5,5.5,0.0,5.5,0.0,0.0,0.0,0.0,,0,100
144,Jarell Eddie\eddieja01,SF,26,BOS,2,0,6,0.0,8.3,.000,0.0,8.3,.000,0.0,0.0,,0.0,0.0,,0.0,8.3,8.3,0.0,8.3,0.0,0.0,0.0,0.0,,0,90
144,Jarell Eddie\eddieja01,SF,26,CHI,1,0,3,0.0,16.3,.000,0.0,16.3,.000,0.0,0.0,,0.0,0.0,,0.0,0.0,0.0,0.0,0.0,0.0,0.0,0.0,0.0,,0,119
145,Henry Ellenson\ellenhe01,PF,21,DET,38,0,329,8.0,22.1,.363,3.0,9.1,.333,5.0,13.0,.384,3.8,4.4,.862,1.5,10.8,12.3,3.0,0.8,0.0,2.7,3.3,22.9,,95,108
146,Wayne Ellington\ellinwa01,SG,30,MIA,77,2,2041,7.0,17.2,.407,5.6,14.2,.392,1.4,3.0,.479,1.6,1.9,.859,0.6,4.8,5.4,1.9,1.3,0.2,1.3,2.3,21.3,,113,110
147,Joel Embiid\embiijo01,C,23,PHI,63,63,1912,12.8,26.6,.483,1.7,5.4,.308,11.2,21.2,.527,9.0,11.7,.769,3.6,13.8,17.4,5.0,1.0,2.8,5.9,5.3,36.3,,106,100
148,James Ennis\ennisja01,SF,27,TOT,72,22,1604,5.7,12.0,.474,1.6,4.8,.333,4.1,7.2,.567,3.0,3.6,.836,2.3,4.7,7.0,2.2,1.5,0.6,1.8,4.2,16.1,,115,112
148,James Ennis\ennisja01,SF,27,MEM,45,14,1053,5.2,10.7,.486,1.4,4.0,.357,3.7,6.6,.565,3.1,3.5,.877,2.5,5.0,7.5,2.4,1.5,0.6,1.8,3.9,14.9,,118,113
148,James Ennis\ennisja01,SF,27,DET,27,8,551,6.7,14.7,.457,1.9,6.2,.304,4.8,8.4,.570,3.0,3.9,.767,1.8,4.3,6.1,2.0,1.4,0.5,1.6,4.8,18.3,,111,110
149,Tyler Ennis\ennisty01,PG,23,LAL,54,11,683,6.6,15.7,.420,1.0,3.9,.250,5.6,11.8,.476,1.5,2.0,.759,1.3,5.3,6.7,7.4,2.1,0.7,2.7,5.3,15.7,,101,108
150,Jawun Evans\evansja01,PG,21,LAC,48,4,778,5.6,15.8,.352,0.9,3.4,.278,4.6,12.4,.372,2.4,3.1,.776,0.6,4.7,5.3,6.3,2.3,0.4,2.8,6.1,14.4,,90,111
151,Jeremy Evans\evansje01,SF,30,ATL,1,0,5,9.8,9.8,1.000,0.0,0.0,,9.8,9.8,1.000,0.0,0.0,,9.8,0.0,9.8,0.0,0.0,0.0,9.8,9.8,19.5,,96,119
152,Tyreke Evans\evansty01,PG,28,MEM,52,32,1607,11.5,25.5,.452,3.6,9.0,.399,7.9,16.5,.482,5.2,6.6,.785,1.4,7.0,8.3,8.5,1.8,0.5,3.7,3.0,31.8,,111,111
153,Dante Exum\exumda01,PG,22,UTA,14,0,235,9.0,18.6,.483,1.1,3.8,.278,7.9,14.7,.536,5.3,6.6,.806,0.9,4.7,5.5,9.2,1.7,0.6,4.3,4.3,24.3,,110,106
154,Kenneth Faried\farieke01,PF,28,DEN,32,7,461,8.2,15.9,.514,0.0,0.1,.000,8.2,15.8,.517,3.9,5.5,.706,7.3,9.1,16.5,1.9,1.3,1.4,2.5,5.5,20.2,,116,110
155,Derrick Favors\favorde01,C,26,UTA,77,77,2153,9.2,16.4,.563,0.3,1.5,.222,8.9,14.9,.596,3.3,5.0,.651,4.6,8.2,12.9,2.4,1.3,1.9,2.0,3.8,22.0,,119,104
156,Kay Felder\feldeka01,PG,22,TOT,16,0,140,7.3,24.4,.300,1.4,6.6,.211,5.9,17.8,.333,3.8,4.2,.917,1.0,5.2,6.3,7.0,1.0,0.3,5.6,3.8,19.9,,76,113
156,Kay Felder\feldeka01,PG,22,CHI,14,0,134,7.3,24.0,.303,1.5,6.6,.222,5.8,17.5,.333,4.0,4.4,.917,0.4,4.7,5.1,7.3,1.1,0.4,5.5,4.0,20.0,,77,114
156,Kay Felder\feldeka01,PG,22,DET,2,0,6,8.3,33.3,.250,0.0,8.3,.000,8.3,24.9,.333,0.0,0.0,,16.6,16.6,33.3,0.0,0.0,0.0,8.3,0.0,16.6,,65,107
157,Cristiano Felicio\feliccr01,C,25,CHI,55,16,977,6.3,10.7,.591,0.0,0.1,.000,6.3,10.6,.596,2.7,4.0,.667,4.1,7.5,11.6,2.7,0.8,0.5,2.7,5.2,15.4,,114,113
158,Raymond Felton\feltora01,PG,33,OKC,82,2,1365,8.1,20.1,.406,2.9,8.4,.352,5.2,11.7,.444,1.3,1.6,.818,0.9,4.8,5.7,7.4,1.8,0.6,2.8,3.3,20.5,,105,109
159,Terrance Ferguson\fergute01,SG,19,OKC,61,12,763,4.6,11.0,.414,2.6,7.8,.333,2.0,3.2,.612,0.6,0.7,.900,1.2,1.8,3.1,1.2,1.6,0.7,0.7,5.4,12.3,,115,111
160,Yogi Ferrell\ferreyo01,SG,24,DAL,82,21,2282,6.8,16.1,.426,2.9,7.9,.373,3.9,8.2,.477,1.8,2.3,.796,0.6,4.9,5.5,4.4,1.4,0.2,1.7,3.4,18.4,,107,112
161,Dorian Finney-Smith\finnedo01,PF,24,DAL,21,13,448,5.2,13.6,.380,2.2,7.5,.299,2.9,6.1,.481,1.2,1.7,.733,2.5,5.9,8.4,2.9,1.1,0.4,2.4,4.8,13.8,,96,111
162,Bryn Forbes\forbebr01,SG,24,SAS,80,12,1517,7.0,16.6,.421,3.0,7.6,.390,4.0,9.0,.446,1.6,2.4,.667,0.4,3.3,3.7,2.7,0.9,0.1,1.2,3.6,18.5,,106,110
163,Evan Fournier\fournev01,SF,25,ORL,57,57,1837,9.8,21.4,.459,3.4,8.9,.379,6.4,12.4,.516,4.0,4.6,.867,0.6,4.2,4.8,4.4,1.3,0.4,2.5,3.7,27.0,,110,113
164,De'Aaron Fox\foxde01,PG,20,SAC,73,60,2026,8.2,19.9,.412,1.2,3.8,.307,7.0,16.1,.436,3.5,4.9,.723,0.8,4.3,5.1,8.0,1.7,0.5,4.3,4.1,21.1,,94,113
165,Tim Frazier\fraziti01,PG,27,WAS,59,11,838,4.0,10.2,.395,1.0,3.3,.304,3.0,6.9,.440,1.4,1.8,.767,1.1,5.7,6.8,11.5,2.8,0.4,3.4,5.7,10.4,,105,107
166,Channing Frye\fryech01,C,34,TOT,53,1,695,7.3,14.9,.491,2.7,8.1,.339,4.6,6.8,.670,1.2,1.3,.895,0.8,8.6,9.5,2.7,1.3,0.9,1.5,4.8,18.5,,115,111
166,Channing Frye\fryech01,C,34,CLE,44,1,545,7.6,15.2,.497,2.7,8.1,.333,4.9,7.1,.684,1.3,1.3,.933,0.9,9.0,9.9,2.5,1.5,1.1,1.5,4.9,19.1,,115,110
166,Channing Frye\fryech01,C,34,LAL,9,0,150,6.4,13.7,.465,2.9,8.0,.360,3.5,5.7,.611,1.0,1.3,.750,0.6,7.3,8.0,3.2,0.3,0.3,1.3,4.8,16.6,,115,111
167,Markelle Fultz\fultzma01,SG,19,PHI,14,0,253,8.6,21.1,.405,0.0,0.2,.000,8.6,20.9,.409,1.9,4.0,.476,2.1,6.1,8.2,10.1,2.3,0.8,3.2,4.2,19.0,,96,105
168,Danilo Gallinari\gallida01,SF,29,LAC,21,21,671,7.4,18.6,.398,2.6,8.0,.324,4.8,10.5,.455,5.9,6.3,.931,0.7,6.7,7.3,3.0,0.9,0.7,1.9,2.2,23.3,,111,112
169,Langston Galloway\gallola01,SG,26,DET,58,2,863,7.3,19.7,.371,4.3,12.6,.344,2.9,7.1,.418,1.9,2.4,.805,0.8,4.6,5.3,3.4,2.0,0.3,1.0,2.3,20.8,,106,109
170,Marc Gasol\gasolma01,C,33,MEM,73,73,2408,9.1,21.7,.420,2.3,6.7,.341,6.8,15.0,.456,5.9,7.1,.834,1.6,10.8,12.4,6.4,1.1,2.1,4.1,3.9,26.4,,104,108
171,Pau Gasol\gasolpa01,C,37,SAS,77,63,1812,8.0,17.5,.458,1.2,3.3,.358,6.8,14.1,.481,4.4,5.8,.756,3.6,13.7,17.3,6.6,0.7,2.2,3.0,3.4,21.6,,112,102
172,Rudy Gay\gayru01,PF,31,SAS,57,6,1231,10.4,22.0,.471,1.5,4.8,.314,8.9,17.2,.516,4.6,6.0,.772,3.1,8.8,11.9,3.0,1.9,1.6,3.2,4.0,26.9,,106,103
173,Paul George\georgpa01,SF,27,OKC,79,79,2891,9.9,23.0,.430,4.2,10.4,.401,5.7,12.5,.454,5.8,7.1,.820,1.2,6.4,7.7,4.5,2.8,0.7,3.6,4.0,29.8,,112,106
174,Marcus Georges-Hunt\georgma01,SG,23,MIN,42,0,224,4.7,10.7,.438,0.9,3.3,.267,3.8,7.4,.515,2.9,4.7,.619,1.6,2.0,3.6,1.6,1.3,0.0,0.7,7.1,13.2,,112,116
175,Jonathan Gibson\gibsojo01,PG,30,BOS,4,0,40,17.5,28.7,.609,7.5,15.0,.500,10.0,13.7,.727,0.0,0.0,,0.0,3.7,3.7,5.0,0.0,0.0,3.7,6.2,42.5,,122,111
176,Taj Gibson\gibsota01,PF,32,MIN,82,82,2726,7.8,13.5,.577,0.1,0.6,.200,7.7,12.9,.595,2.6,3.4,.768,3.6,7.2,10.7,1.8,1.1,1.1,1.6,4.0,18.3,,123,112
177,Manu Ginobili\ginobma01,SG,40,SAS,65,0,1299,7.8,18.0,.434,2.5,7.5,.333,5.3,10.5,.506,4.3,5.1,.840,0.7,4.8,5.5,6.3,1.7,0.6,4.1,4.9,22.4,,103,107
178,Rudy Gobert\goberru01,C,25,UTA,56,56,1816,7.6,12.3,.622,0.0,0.0,,7.6,12.3,.622,5.6,8.3,.682,4.6,12.0,16.6,2.2,1.2,3.6,3.0,4.2,20.9,,122,99
179,Aaron Gordon\gordoaa01,PF,22,ORL,58,57,1909,9.6,22.2,.434,2.9,8.8,.336,6.7,13.4,.497,4.0,5.8,.698,2.2,9.5,11.7,3.5,1.5,1.2,2.7,2.8,26.2,,103,109
180,Eric Gordon\gordoer01,SG,29,HOU,69,30,2154,9.5,22.2,.428,5.0,13.9,.359,4.5,8.3,.544,4.5,5.5,.809,0.6,3.3,3.9,3.5,1.0,0.6,3.0,2.6,28.4,,110,110
181,Marcin Gortat\gortama01,C,33,WAS,82,82,2075,6.9,13.4,.518,0.0,0.0,,6.9,13.4,.518,2.6,3.9,.675,4.3,10.6,14.9,3.6,1.0,1.5,2.4,4.2,16.5,,112,107
182,Treveon Graham\grahatr01,SG,24,CHO,63,2,1050,4.5,10.3,.434,1.9,4.5,.412,2.6,5.8,.452,1.9,2.7,.695,2.0,3.7,5.6,2.7,1.5,0.1,1.3,5.1,12.7,,114,112
183,Jerami Grant\grantje01,PF,23,OKC,81,1,1647,7.4,13.7,.535,1.0,3.3,.291,6.4,10.4,.613,4.9,7.2,.675,2.6,7.0,9.6,1.7,0.9,2.3,1.6,4.7,20.6,,122,108
184,Jerian Grant\grantje02,PG,25,CHI,74,26,1686,6.1,14.6,.415,1.8,5.4,.324,4.3,9.1,.468,4.1,5.4,.745,0.9,4.1,5.0,9.9,1.8,0.2,2.6,3.8,17.9,,112,112
185,Josh Gray\grayjo01,PG,24,PHO,5,0,86,6.1,22.8,.268,1.7,7.2,.231,4.5,15.6,.286,3.9,6.1,.636,1.1,4.5,5.6,6.7,4.5,1.1,3.9,4.5,17.8,,76,107
186,Danny Green\greenda02,SG,30,SAS,70,60,1791,6.1,15.8,.387,3.3,9.0,.363,2.8,6.8,.419,1.4,1.8,.769,1.2,5.9,7.0,3.1,1.8,2.3,2.1,3.4,16.9,,100,104
187,Draymond Green\greendr01,PF,27,GSW,70,70,2287,5.9,13.0,.454,1.6,5.4,.301,4.3,7.6,.562,2.8,3.6,.775,1.6,9.7,11.3,10.7,2.0,1.9,4.3,3.9,16.3,,110,105
188,Gerald Green\greenge01,SG,32,HOU,41,2,929,8.9,21.9,.407,5.8,15.8,.369,3.1,6.1,.504,2.7,3.2,.850,0.8,6.2,7.0,1.3,1.3,0.8,1.6,4.6,26.3,,109,108
189,JaMychal Green\greenja01,PF,27,MEM,55,54,1542,7.3,16.0,.457,1.4,4.2,.339,5.9,11.8,.499,2.6,3.6,.721,4.8,10.4,15.2,2.6,1.0,0.8,2.5,5.0,18.7,,108,110
190,Jeff Green\greenje02,PF,31,CLE,78,13,1828,7.9,16.6,.477,1.4,4.6,.312,6.5,12.0,.540,5.4,6.3,.868,1.6,5.0,6.6,2.7,1.1,0.9,2.0,4.0,22.7,,115,114
191,Blake Griffin\griffbl01,PF,28,TOT,58,58,1970,10.9,24.8,.438,2.8,8.0,.345,8.1,16.8,.482,6.5,8.2,.785,1.8,8.9,10.7,8.3,1.0,0.4,4.1,3.5,31.0,,109,110
191,Blake Griffin\griffbl01,PF,28,LAC,33,33,1139,10.9,24.7,.441,2.7,8.0,.342,8.2,16.7,.488,7.3,9.3,.785,2.0,9.2,11.2,7.6,1.3,0.4,4.2,3.3,31.8,,110,110
191,Blake Griffin\griffbl01,PF,28,DET,25,25,831,10.9,25.1,.433,2.8,8.1,.348,8.0,17.0,.473,5.2,6.7,.784,1.6,8.3,10.0,9.3,0.7,0.5,4.0,3.7,29.8,,108,109
192,Daniel Hamilton\hamilda02,SG,22,OKC,6,0,28,8.9,19.5,.455,3.5,8.9,.400,5.3,10.6,.500,0.0,0.0,,0.0,8.9,8.9,14.2,1.8,0.0,3.5,3.5,21.3,,118,108
193,Tim Hardaway\hardati02,SG,25,NYK,57,54,1885,9.5,22.5,.421,3.4,10.8,.317,6.0,11.7,.516,3.8,4.7,.816,0.8,5.0,5.9,4.1,1.6,0.3,2.4,3.2,26.2,,106,113
194,James Harden\hardeja01,SG,28,HOU,72,72,2551,12.6,27.9,.449,5.1,13.9,.367,7.4,14.0,.531,12.0,14.0,.858,0.8,6.7,7.5,12.2,2.4,1.0,6.1,3.3,42.3,,120,105
195,Maurice Harkless\harklma01,SF,24,POR,59,36,1264,5.8,11.7,.495,1.9,4.6,.415,3.9,7.0,.547,1.7,2.3,.712,1.8,4.6,6.4,2.1,1.9,1.7,1.6,4.1,15.2,,117,106
196,Montrezl Harrell\harremo01,C,24,LAC,76,3,1293,13.1,20.6,.635,0.0,0.3,.143,13.0,20.3,.641,5.2,8.3,.626,3.9,7.6,11.5,2.8,1.4,2.0,2.6,5.4,31.4,,124,109
197,Devin Harris\harride01,PG,34,TOT,71,1,1340,7.0,16.9,.412,2.9,8.5,.348,4.0,8.5,.476,5.3,6.3,.835,0.4,4.3,4.7,5.7,1.8,0.4,2.8,5.9,22.2,,110,111
197,Devin Harris\harride01,PG,34,DAL,44,1,807,7.3,17.7,.415,2.7,7.8,.352,4.6,9.9,.465,5.8,7.0,.830,0.6,4.7,5.3,5.3,2.1,0.5,3.0,6.4,23.2,,107,110
197,Devin Harris\harride01,PG,34,DEN,27,0,533,6.4,15.8,.406,3.3,9.5,.343,3.2,6.3,.500,4.6,5.4,.845,0.3,3.6,3.9,6.2,1.3,0.4,2.5,5.1,20.6,,115,114
198,Gary Harris\harriga01,SG,23,DEN,67,65,2304,9.5,19.5,.485,3.4,8.5,.396,6.1,11.1,.553,2.9,3.5,.827,0.8,3.0,3.8,4.2,2.6,0.3,2.6,2.6,25.2,,115,112
199,Joe Harris\harrijo01,SG,26,BRK,78,14,1975,7.5,15.3,.491,3.7,8.8,.419,3.8,6.5,.589,2.1,2.6,.827,1.3,5.1,6.4,3.1,0.9,0.5,2.2,3.8,20.8,,116,113
200,Tobias Harris\harrito02,PF,25,TOT,80,80,2668,10.4,22.6,.460,3.4,8.2,.411,7.0,14.4,.488,3.3,4.0,.829,1.1,7.0,8.1,3.6,1.3,0.6,1.9,3.0,27.5,,112,110
200,Tobias Harris\harrito02,PF,25,DET,48,48,1563,10.2,22.6,.451,3.6,8.8,.409,6.6,13.8,.478,3.7,4.3,.846,1.1,6.6,7.8,3.0,1.1,0.5,1.6,2.9,27.7,,113,109
200,Tobias Harris\harrito02,PF,25,LAC,32,32,1105,10.6,22.5,.473,3.1,7.4,.414,7.6,15.1,.501,2.8,3.5,.800,1.0,7.5,8.5,4.3,1.6,0.9,2.4,3.2,27.2,,111,110
201,Aaron Harrison\harriaa01,SG,23,DAL,9,3,233,4.1,14.9,.275,1.9,9.3,.209,2.2,5.6,.385,2.8,3.7,.765,0.9,4.3,5.2,2.4,1.9,0.4,0.6,5.8,12.9,,87,110
202,Andrew Harrison\harrian01,PG,23,MEM,56,46,1326,6.9,16.4,.422,1.8,5.4,.331,5.1,10.9,.467,4.7,6.1,.780,0.9,4.1,5.0,6.7,1.4,1.0,3.1,5.3,20.3,,106,113
203,Shaquille Harrison\harrish01,PG,24,PHO,23,2,384,7.4,15.5,.476,0.7,3.2,.231,6.6,12.2,.541,3.5,4.7,.737,1.1,6.5,7.6,6.9,3.2,0.9,2.7,5.2,18.9,,109,109
204,Josh Hart\hartjo01,SG,22,LAL,63,23,1461,5.8,12.3,.469,2.6,6.5,.396,3.2,5.8,.551,2.2,3.1,.702,1.4,7.2,8.6,2.6,1.5,0.5,1.5,3.5,16.2,,116,109
205,Udonis Haslem\hasleud01,C,37,MIA,14,0,72,2.1,10.5,.200,0.7,5.6,.125,1.4,4.9,.286,0.7,1.4,.500,2.1,4.9,7.0,3.5,0.0,1.4,1.4,2.1,5.6,,71,111
206,Nigel Hayes\hayesni01,SF,23,TOT,9,0,122,4.5,13.6,.333,1.6,6.6,.250,2.9,7.0,.412,0.4,1.2,.333,1.6,7.4,9.1,2.5,0.8,1.2,0.8,3.3,11.1,,82,112
206,Nigel Hayes\hayesni01,SF,23,LAL,2,0,11,4.3,13.0,.333,0.0,8.7,.000,4.3,4.3,1.000,4.3,4.3,1.000,0.0,0.0,0.0,8.7,0.0,0.0,0.0,0.0,13.0,,117,117
206,Nigel Hayes\hayesni01,SF,23,TOR,2,0,6,16.4,16.4,1.000,16.4,16.4,1.000,0.0,0.0,,0.0,0.0,,0.0,0.0,0.0,0.0,0.0,0.0,8.2,0.0,49.3,,102,115
206,Nigel Hayes\hayesni01,SF,23,SAC,5,0,105,3.9,13.5,.286,1.0,5.8,.167,2.9,7.7,.375,0.0,1.0,.000,1.9,8.7,10.6,1.9,1.0,1.4,0.5,3.9,8.7,,77,111
207,Gordon Hayward\haywago01,SF,27,BOS,1,1,5,10.0,20.0,.500,0.0,10.0,.000,10.0,10.0,1.000,0.0,0.0,,0.0,10.0,10.0,0.0,0.0,0.0,0.0,10.0,20.0,,99,107
208,Reggie Hearn\hearnre01,SG,26,DET,3,0,7,7.1,14.3,.500,7.1,14.3,.500,0.0,0.0,,0.0,0.0,,0.0,0.0,0.0,0.0,0.0,0.0,0.0,0.0,21.4,,143,116
209,Myke Henry\henrymy01,SF,25,MEM,20,0,378,5.5,14.6,.376,2.5,7.8,.328,2.9,6.8,.431,0.8,1.3,.600,1.3,3.7,5.1,2.9,4.1,0.8,2.5,3.7,14.3,,91,107
210,John Henson\hensojo01,C,27,MIL,76,69,1970,7.3,12.7,.572,0.0,0.2,.143,7.2,12.5,.578,2.3,4.0,.570,3.8,9.2,13.0,2.9,1.1,2.8,2.1,5.1,16.8,,115,108
211,Juan Hernangomez\hernaju01,PF,22,DEN,25,3,277,5.2,13.4,.387,2.5,8.9,.280,2.7,4.5,.600,1.8,2.1,.833,3.2,6.4,9.7,2.1,1.1,0.5,1.6,4.5,14.7,,109,113
212,Willy Hernangomez\hernawi01,C,23,TOT,48,1,495,9.0,16.3,.555,0.5,1.2,.417,8.5,15.1,.566,5.9,8.9,.656,6.1,12.1,18.2,3.3,1.8,1.6,3.5,6.4,24.4,,117,106
212,Willy Hernangomez\hernawi01,C,23,NYK,26,0,233,10.4,17.2,.605,0.2,1.1,.200,10.2,16.2,.632,2.6,6.0,.429,4.7,9.6,14.3,4.5,1.7,1.5,5.5,6.8,23.6,,102,108
212,Willy Hernangomez\hernawi01,C,23,CHO,22,1,262,7.8,15.4,.506,0.7,1.3,.571,7.1,14.1,.500,8.7,11.5,.758,7.3,14.3,21.6,2.2,1.9,1.7,1.7,6.0,25.1,,131,104
213,Mario Hezonja\hezonma01,SF,22,ORL,75,30,1657,8.1,18.2,.442,2.7,7.9,.337,5.4,10.3,.523,2.5,3.1,.819,1.2,7.1,8.3,3.1,2.4,0.9,2.5,4.0,21.3,,103,108
214,Isaiah Hicks\hicksis01,PF,23,NYK,18,0,240,6.8,14.9,.458,0.4,1.9,.222,6.4,13.0,.492,2.5,3.7,.667,2.1,6.4,8.5,3.3,0.4,0.8,3.3,9.3,16.5,,95,113
215,Buddy Hield\hieldbu01,SG,24,SAC,80,12,2024,10.4,23.3,.446,4.4,10.2,.431,6.0,13.1,.457,1.8,2.0,.877,1.4,6.3,7.7,3.9,2.1,0.5,3.1,3.7,27.0,,104,111
216,Nene Hilario\hilarne01,C,35,HOU,52,4,758,8.8,15.5,.569,0.0,0.1,.000,8.8,15.4,.574,4.4,6.9,.636,3.5,7.9,11.4,2.9,1.8,0.9,2.5,8.0,22.1,,117,105
217,George Hill\hillge01,PG,31,TOT,67,60,1812,6.5,14.1,.460,2.3,5.7,.415,4.2,8.5,.490,3.0,3.9,.786,1.2,3.8,5.0,5.1,1.7,0.7,2.4,3.5,18.4,,113,113
217,George Hill\hillge01,PG,31,SAC,43,36,1143,6.8,14.4,.469,2.6,5.7,.453,4.2,8.8,.480,3.4,4.4,.778,1.0,4.2,5.2,5.3,1.7,0.5,2.7,3.3,19.5,,113,113
217,George Hill\hillge01,PG,31,CLE,24,24,669,6.1,13.7,.444,2.0,5.6,.351,4.1,8.1,.509,2.4,3.0,.805,1.5,3.2,4.7,4.9,1.6,1.1,2.1,3.9,16.5,,112,113
218,Solomon Hill\hillso01,SF,26,NOP,12,1,187,2.8,10.5,.268,1.0,5.4,.190,1.8,5.1,.350,0.8,1.5,.500,2.3,6.9,9.2,5.6,1.8,0.3,2.3,5.6,7.4,,84,109
219,Darrun Hilliard\hillida01,SG,24,SAS,14,0,95,2.7,10.1,.263,0.0,3.2,.000,2.7,6.9,.385,3.2,3.7,.857,0.0,3.7,3.7,5.9,1.1,0.0,2.1,3.7,8.5,,84,110
220,Jrue Holiday\holidjr01,SG,27,NOP,81,81,2927,10.0,20.3,.494,2.0,5.8,.337,8.1,14.5,.557,3.1,3.9,.786,1.0,4.9,6.0,7.9,2.0,1.0,3.5,3.3,25.1,,110,109
221,Justin Holiday\holidju01,SG,28,CHI,72,72,2265,6.2,16.9,.371,3.5,9.7,.359,2.8,7.2,.387,2.9,3.5,.823,0.7,5.6,6.3,3.3,1.7,0.7,2.0,2.9,18.9,,100,111
222,John Holland\hollajo02,SF,29,CLE,24,0,174,4.8,16.6,.288,3.1,10.1,.306,1.7,6.5,.261,2.5,3.7,.692,1.7,5.1,6.8,1.4,2.0,0.6,2.3,2.8,15.2,,84,112
223,Rondae Hollis-Jefferson\holliro01,SF,23,BRK,68,59,1920,8.6,18.3,.472,0.3,1.4,.241,8.3,16.9,.491,6.3,8.0,.788,2.6,9.1,11.6,4.2,1.6,1.2,3.1,3.7,23.9,,108,109
224,Richaun Holmes\holmeri01,C,24,PHI,48,2,746,8.7,15.5,.560,0.3,2.0,.129,8.4,13.5,.624,2.4,3.6,.661,3.7,9.9,13.6,3.9,1.3,1.9,1.6,6.3,20.1,,121,103
225,Rodney Hood\hoodro01,SG,25,TOT,60,23,1616,9.9,23.1,.429,3.9,10.3,.381,6.0,12.9,.467,3.4,4.0,.860,0.7,4.4,5.1,2.9,1.4,0.4,2.2,3.2,27.2,,106,110
225,Rodney Hood\hoodro01,SG,25,UTA,39,12,1084,10.8,25.5,.424,4.7,12.1,.389,6.1,13.4,.455,3.9,4.5,.876,0.6,4.5,5.1,3.0,1.4,0.3,2.9,3.0,30.3,,104,107
225,Rodney Hood\hoodro01,SG,25,CLE,21,11,532,8.1,18.3,.442,2.3,6.5,.352,5.8,11.8,.492,2.4,2.9,.813,0.7,4.2,5.0,2.8,1.4,0.5,0.6,3.8,20.9,,111,114
226,Scotty Hopson\hopsosc01,SG,28,DAL,1,0,8,0.0,6.3,.000,0.0,0.0,,0.0,6.3,.000,6.3,12.5,.500,0.0,0.0,0.0,6.3,0.0,0.0,6.3,0.0,6.3,,53,118
227,Al Horford\horfoal01,C,31,BOS,72,72,2277,8.1,16.5,.489,2.1,5.0,.429,5.9,11.6,.514,2.1,2.6,.783,2.3,9.4,11.6,7.4,0.9,1.7,2.9,3.0,20.3,,115,103
228,Danuel House\houseda01,SG,24,PHO,23,3,403,6.7,15.3,.434,1.8,6.9,.259,4.9,8.4,.577,3.0,3.7,.806,1.5,7.5,9.0,3.0,0.8,0.7,1.3,2.7,18.1,,111,114
229,Dwight Howard\howardw01,C,32,CHO,81,81,2463,10.0,18.0,.555,0.0,0.1,.143,10.0,17.9,.559,6.6,11.5,.574,5.0,15.0,20.0,2.1,1.0,2.6,4.1,5.0,26.7,,108,104
230,Josh Huestis\huestjo01,PF,26,OKC,69,10,982,3.0,9.2,.330,1.7,5.8,.287,1.4,3.4,.403,0.3,1.0,.300,2.1,6.0,8.1,1.0,0.8,2.2,1.3,4.1,8.0,,91,109
231,R.J. Hunter\hunterj01,SG,24,HOU,5,1,45,7.7,21.9,.350,3.3,15.3,.214,4.4,6.6,.667,2.2,2.2,1.000,0.0,5.5,5.5,3.3,3.3,0.0,2.2,7.7,20.8,,92,105
232,Vince Hunter\huntevi01,PF,23,MEM,4,0,7,21.7,36.1,.600,0.0,0.0,,21.7,36.1,.600,0.0,0.0,,14.4,7.2,21.7,0.0,0.0,7.2,7.2,0.0,43.3,,104,107
233,Serge Ibaka\ibakase01,PF,28,TOR,76,76,2093,8.9,18.5,.483,2.5,7.0,.360,6.4,11.5,.559,2.2,2.8,.797,1.8,9.4,11.3,1.5,0.7,2.3,2.1,4.9,22.6,,109,105
234,Andre Iguodala\iguodan01,SF,34,GSW,64,7,1622,4.4,9.5,.463,1.0,3.5,.282,3.4,6.0,.567,1.6,2.6,.632,1.5,5.8,7.3,6.2,1.6,1.1,2.0,2.9,11.4,,113,109
235,Ersan Ilyasova\ilyaser01,PF,30,TOT,69,43,1729,7.8,17.2,.452,2.6,7.1,.360,5.2,10.1,.517,3.0,3.8,.778,3.3,8.1,11.4,2.5,1.7,0.7,2.0,4.4,21.1,,111,108
235,Ersan Ilyasova\ilyaser01,PF,30,ATL,46,40,1175,7.6,16.7,.459,2.5,7.1,.359,5.1,9.6,.532,3.0,3.7,.800,3.1,7.4,10.4,2.1,1.8,0.7,1.8,3.8,20.8,,113,110
235,Ersan Ilyasova\ilyaser01,PF,30,PHI,23,3,554,8.1,18.4,.439,2.6,7.2,.361,5.5,11.2,.488,2.9,3.9,.733,3.8,9.5,13.4,3.4,1.5,0.8,2.5,5.6,21.6,,109,104
236,Joe Ingles\inglejo01,SF,30,UTA,82,81,2578,6.5,14.0,.467,4.0,9.0,.440,2.5,4.9,.516,1.3,1.6,.795,0.5,6.2,6.7,7.6,1.8,0.4,3.1,3.5,18.3,,115,106
237,Andre Ingram\ingraan01,SG,32,LAL,2,0,64,6.0,12.7,.471,3.7,6.7,.556,2.2,6.0,.375,2.2,2.2,1.000,0.7,3.7,4.5,5.2,2.2,2.2,2.2,2.2,17.9,,124,107
238,Brandon Ingram\ingrabr01,SF,20,LAL,59,59,1975,8.7,18.4,.470,1.0,2.5,.390,7.7,15.9,.483,4.7,6.8,.681,1.4,6.2,7.6,5.6,1.1,1.0,3.6,3.9,23.0,,104,109
239,Kyrie Irving\irvinky01,PG,25,BOS,60,60,1931,13.8,28.1,.491,4.3,10.5,.408,9.5,17.6,.541,6.0,6.8,.889,0.9,5.0,5.9,7.9,1.7,0.4,3.6,3.2,37.9,,118,106
240,Jonathan Isaac\isaacjo01,PF,20,ORL,27,10,536,5.0,13.2,.379,1.5,4.2,.348,3.6,9.0,.394,1.7,2.3,.760,1.5,7.6,9.0,1.6,3.0,2.7,2.5,4.4,13.2,,87,104
241,Wesley Iwundu\iwundwe01,SF,23,ORL,62,12,1020,4.5,10.5,.427,0.4,2.2,.196,4.0,8.3,.488,1.6,2.3,.723,1.7,4.8,6.6,2.7,1.6,0.6,1.4,3.9,11.0,,100,112
242,Jarrett Jack\jackja01,PG,34,NYK,62,56,1548,6.1,14.2,.427,0.8,2.8,.291,5.3,11.4,.459,2.0,2.4,.840,0.7,5.4,6.1,11.1,1.1,0.1,3.7,3.1,14.9,,103,114
243,Aaron Jackson\jacksaa01,PG,31,HOU,1,0,35,4.2,12.7,.333,1.4,5.6,.250,2.8,7.0,.400,1.4,2.8,.500,2.8,1.4,4.2,1.4,0.0,0.0,1.4,5.6,11.2,,91,114
244,Demetrius Jackson\jacksde01,PG,23,TOT,15,0,80,4.3,11.0,.389,0.6,4.3,.143,3.7,6.7,.545,0.6,1.2,.500,3.1,4.3,7.3,5.5,3.1,0.6,6.1,4.3,9.8,,77,105
244,Demetrius Jackson\jacksde01,PG,23,HOU,12,0,63,3.1,10.9,.286,0.0,4.7,.000,3.1,6.2,.500,0.0,0.0,,3.1,5.5,8.6,3.9,3.1,0.8,7.0,4.7,6.2,,58,104
244,Demetrius Jackson\jacksde01,PG,23,PHI,3,0,17,8.5,11.3,.750,2.8,2.8,1.000,5.7,8.5,.667,2.8,5.7,.500,2.8,0.0,2.8,11.3,2.8,0.0,2.8,2.8,22.6,,150,108
245,Josh Jackson\jacksjo02,SF,20,PHO,77,35,1959,9.5,22.8,.417,1.4,5.3,.263,8.1,17.5,.464,4.3,6.8,.634,2.3,6.3,8.6,2.9,2.0,0.9,3.6,5.3,24.7,,93,112
246,Justin Jackson\jacksju01,SF,22,SAC,68,41,1506,6.2,14.1,.442,1.9,6.2,.308,4.3,7.9,.547,0.9,1.2,.722,0.9,5.4,6.3,2.5,0.9,0.4,1.3,2.7,15.2,,103,114
247,Reggie Jackson\jacksre01,PG,27,DET,45,45,1201,10.2,24.0,.426,2.2,7.0,.308,8.1,16.9,.475,4.7,5.6,.836,1.2,4.0,5.2,9.9,1.1,0.2,4.1,3.6,27.2,,105,111
248,LeBron James\jamesle01,PF,33,CLE,82,82,3026,13.9,25.6,.542,2.4,6.6,.367,11.5,19.0,.603,6.3,8.6,.731,1.6,9.9,11.5,12.1,1.9,1.1,5.6,2.2,36.4,,118,109
249,Mike James\jamesmi02,PG,27,TOT,36,10,687,8.6,22.4,.383,1.8,6.8,.265,6.8,15.5,.435,4.5,5.9,.762,0.9,5.4,6.3,8.8,2.0,0.5,3.4,3.3,23.4,,99,113
249,Mike James\jamesmi02,PG,27,PHO,32,10,669,8.7,22.3,.388,1.9,6.9,.268,6.8,15.4,.442,4.6,6.0,.762,0.9,5.5,6.4,8.6,1.9,0.5,3.4,3.2,23.8,,100,113
249,Mike James\jamesmi02,PG,27,NOP,4,0,18,5.3,23.9,.222,0.0,2.7,.000,5.3,21.2,.250,0.0,0.0,,2.7,0.0,2.7,15.9,2.7,0.0,2.7,8.0,10.6,,77,112
250,Al Jefferson\jeffeal01,C,33,IND,36,1,484,11.5,21.5,.534,0.0,0.3,.000,11.5,21.2,.541,3.1,3.7,.833,3.1,11.7,14.8,3.1,1.7,2.4,2.2,6.8,26.0,,113,104
251,Richard Jefferson\jefferi01,SF,37,DEN,20,0,163,3.6,8.2,.444,0.6,2.1,.286,3.0,6.1,.500,1.2,2.1,.571,0.6,4.6,5.2,4.6,0.6,0.3,1.5,3.3,9.1,,106,115
252,Brandon Jennings\jennibr01,PG,28,MIL,14,0,205,6.6,17.5,.375,2.2,8.0,.273,4.4,9.5,.462,2.4,2.4,1.000,1.2,6.3,7.5,10.7,1.5,1.0,4.4,2.7,17.8,,99,111
253,Jonas Jerebko\jerebjo01,PF,30,UTA,74,19,1134,7.0,15.1,.466,2.9,6.9,.414,4.2,8.1,.511,2.0,2.5,.807,2.3,8.5,10.9,1.9,1.1,0.5,1.2,5.6,19.0,,118,106
254,Amir Johnson\johnsam01,C,30,PHI,74,18,1171,5.8,10.7,.538,0.4,1.3,.313,5.3,9.4,.570,2.1,3.5,.612,5.1,8.5,13.6,4.8,1.8,1.8,2.3,7.9,14.0,,121,103
255,Brice Johnson\johnsbr02,PF,23,TOT,18,0,98,10.2,21.3,.476,0.0,0.5,.000,10.2,20.8,.488,1.5,2.5,.600,4.6,11.2,15.8,1.0,4.6,3.0,2.5,6.6,21.8,,96,99
255,Brice Johnson\johnsbr02,PF,23,LAC,9,0,38,9.0,14.1,.636,0.0,1.3,.000,9.0,12.8,.700,2.6,2.6,1.000,2.6,14.1,16.6,1.3,7.7,2.6,5.1,9.0,20.5,,103,90
255,Brice Johnson\johnsbr02,PF,23,MEM,9,0,60,11.0,26.1,.419,0.0,0.0,,11.0,26.1,.419,0.8,2.5,.333,5.9,9.3,15.2,0.8,2.5,3.4,0.8,5.1,22.8,,93,105
256,Dakari Johnson\johnsda04,C,22,OKC,31,6,161,6.8,12.0,.564,0.0,0.0,,6.8,12.0,.564,3.4,6.2,.550,4.9,5.5,10.5,2.5,1.8,2.5,0.9,8.3,17.0,,128,106
257,James Johnson\johnsja01,PF,30,MIA,73,41,1943,8.0,15.9,.503,1.5,4.8,.308,6.5,11.1,.587,2.9,4.2,.698,1.6,7.7,9.3,7.2,1.8,1.3,3.7,5.0,20.4,,109,105
258,Joe Johnson\johnsjo02,SF,36,TOT,55,4,1205,6.0,14.9,.406,1.7,6.0,.276,4.4,8.9,.493,1.7,1.9,.889,0.6,6.5,7.1,3.4,0.7,0.3,2.0,2.8,15.4,,98,109
258,Joe Johnson\johnsjo02,SF,36,UTA,32,3,700,6.8,16.2,.420,1.6,6.0,.274,5.2,10.2,.507,1.4,1.7,.833,0.9,6.8,7.7,3.2,0.9,0.4,2.2,2.3,16.7,,96,107
258,Joe Johnson\johnsjo02,SF,36,HOU,23,1,505,5.0,13.1,.381,1.7,5.9,.279,3.3,7.1,.466,1.9,2.0,.952,0.2,6.1,6.3,3.7,0.6,0.1,1.8,3.4,13.5,,100,110
259,Omari Johnson\johnsom01,PF,28,MEM,4,0,75,6.1,14.2,.429,2.7,8.1,.333,3.4,6.1,.556,0.0,0.0,,2.7,4.7,7.4,4.7,1.3,0.0,2.0,4.0,14.8,,108,114
260,Stanley Johnson\johnsst04,SF,21,DET,69,50,1894,5.5,14.7,.375,1.8,6.2,.286,3.8,8.6,.439,2.9,3.8,.772,0.9,5.8,6.6,2.9,2.5,0.4,2.0,4.5,15.8,,97,107
261,Tyler Johnson\johnsty01,PG,25,MIA,72,39,2052,7.6,17.4,.435,2.9,7.9,.367,4.6,9.5,.491,2.6,3.2,.822,0.8,5.2,6.1,4.0,1.5,0.8,2.0,3.6,20.6,,109,108
262,Wesley Johnson\johnswe01,SF,30,LAC,74,40,1486,4.9,12.0,.408,2.0,5.8,.339,2.9,6.2,.471,1.4,1.9,.741,0.9,6.1,7.1,2.0,2.5,2.0,1.8,4.8,13.2,,99,107
263,Nikola Jokic\jokicni01,C,22,DEN,75,73,2443,10.2,20.5,.499,2.3,5.7,.396,8.0,14.8,.538,5.4,6.4,.850,4.0,12.3,16.3,9.3,1.8,1.2,4.3,4.3,28.1,,121,107
264,Damian Jones\jonesda03,C,22,GSW,15,0,89,6.0,11.9,.500,0.0,0.0,,6.0,11.9,.500,1.6,2.7,.600,2.7,4.9,7.6,1.1,0.5,1.6,2.2,7.6,13.5,,99,111
265,Derrick Jones\jonesde02,SF,20,TOT,20,8,245,4.3,10.8,.396,0.6,3.7,.167,3.7,7.1,.514,3.3,4.9,.667,4.3,3.5,7.7,1.8,0.8,2.6,1.4,4.9,12.4,,107,109
265,Derrick Jones\jonesde02,SF,20,PHO,6,0,33,2.9,5.8,.500,0.0,2.9,.000,2.9,2.9,1.000,7.3,8.7,.833,2.9,2.9,5.8,4.4,1.5,5.8,1.5,2.9,13.1,,141,109
265,Derrick Jones\jonesde02,SF,20,MIA,14,8,212,4.5,11.6,.388,0.7,3.8,.188,3.8,7.8,.485,2.6,4.3,.611,4.5,3.6,8.1,1.4,0.7,2.1,1.4,5.2,12.3,,103,109
266,Jalen Jones\jonesja04,SF,24,TOT,16,0,181,7.2,18.8,.382,2.8,7.2,.385,4.4,11.6,.381,3.3,5.2,.632,3.6,6.9,10.5,1.1,1.4,0.3,1.9,6.1,20.4,,98,110
266,Jalen Jones\jonesja04,SF,24,NOP,4,0,19,2.5,10.1,.250,2.5,2.5,1.000,0.0,7.5,.000,5.0,5.0,1.000,0.0,7.5,7.5,0.0,0.0,0.0,0.0,5.0,12.6,,111,113
266,Jalen Jones\jonesja04,SF,24,DAL,12,0,162,7.7,19.8,.391,2.8,7.7,.360,5.0,12.1,.410,3.1,5.3,.588,4.0,6.8,10.8,1.2,1.5,0.3,2.2,6.2,21.4,,97,110
267,Tyus Jones\jonesty01,PG,21,MIN,82,11,1467,5.1,11.2,.457,1.5,4.4,.349,3.6,6.8,.528,2.4,2.8,.877,0.5,4.0,4.5,7.9,3.2,0.2,2.0,3.7,14.2,,119,110
268,DeAndre Jordan\jordade01,C,29,LAC,77,77,2424,7.5,11.6,.645,0.0,0.0,,7.5,11.6,.645,3.6,6.3,.580,6.6,16.9,23.5,2.3,0.8,1.4,2.7,4.1,18.6,,125,105
269,Cory Joseph\josepco01,PG,26,IND,82,17,2210,5.8,13.7,.424,1.5,4.3,.353,4.3,9.4,.457,1.6,2.1,.745,0.9,5.1,5.9,5.9,1.8,0.4,2.0,3.2,14.7,,106,110
270,Frank Kaminsky\kaminfr01,PF,24,CHO,79,4,1835,8.2,19.0,.429,2.8,7.3,.380,5.4,11.7,.459,4.1,5.2,.799,1.2,6.4,7.7,3.4,1.0,0.5,1.8,2.5,23.2,,110,111
271,Enes Kanter\kanteen01,C,25,NYK,71,71,1830,11.4,19.3,.592,0.0,0.1,.000,11.4,19.3,.594,4.2,5.0,.848,7.4,13.7,21.1,2.8,1.0,1.0,3.3,5.1,27.1,,122,108
272,Luke Kennard\kennalu01,SG,21,DET,73,9,1463,7.0,15.9,.443,2.8,6.6,.415,4.3,9.2,.463,2.2,2.6,.855,0.7,5.3,6.0,4.2,1.5,0.4,2.4,2.9,19.0,,108,109
273,Michael Kidd-Gilchrist\kiddgmi01,SF,24,CHO,74,74,1850,7.4,14.8,.504,0.0,0.1,.000,7.4,14.7,.505,3.1,4.5,.684,2.2,5.7,8.0,1.9,1.3,0.8,1.4,3.8,18.0,,109,110
274,Sean Kilpatrick\kilpase01,SG,28,TOT,52,1,640,8.4,22.5,.374,3.5,11.0,.319,4.9,11.5,.427,4.9,5.5,.889,0.4,6.3,6.7,3.5,1.0,0.4,2.9,2.5,25.3,,97,113
274,Sean Kilpatrick\kilpase01,SG,28,BRK,16,0,183,6.6,23.1,.287,2.9,11.4,.256,3.7,11.7,.318,4.8,5.0,.947,0.3,9.0,9.3,4.0,0.5,0.3,4.2,2.1,21.0,,80,112
274,Sean Kilpatrick\kilpase01,SG,28,MIL,23,0,205,7.5,19.9,.378,3.2,11.2,.283,4.4,8.8,.500,4.4,4.6,.947,0.2,5.8,6.1,3.6,1.2,0.2,2.2,3.6,22.6,,102,113
274,Sean Kilpatrick\kilpase01,SG,28,LAC,4,0,38,9.0,23.0,.389,3.8,9.0,.429,5.1,14.1,.364,2.6,2.6,1.000,0.0,2.6,2.6,3.8,0.0,0.0,1.3,2.6,24.3,,105,118
274,Sean Kilpatrick\kilpase01,SG,28,CHI,9,1,214,10.7,24.4,.439,4.3,10.9,.396,6.4,13.5,.475,5.9,7.3,.813,0.7,5.0,5.7,3.0,1.4,0.7,2.7,1.8,31.7,,108,113
275,Maxi Kleber\klebima01,PF,26,DAL,72,36,1206,6.3,12.9,.489,1.7,5.3,.313,4.6,7.5,.613,1.8,2.5,.746,3.0,6.8,9.7,2.1,1.1,2.0,1.2,4.7,16.1,,117,109
276,Furkan Korkmaz\korkmfu01,SG,20,PHI,14,0,80,4.8,16.8,.286,3.0,10.2,.294,1.8,6.6,.273,1.2,2.4,.500,1.2,5.4,6.6,2.4,1.2,0.6,1.2,7.2,13.8,,86,107
277,Luke Kornet\kornelu01,PF,22,NYK,20,1,326,7.4,19.0,.392,4.3,12.0,.354,3.2,7.0,.457,1.2,1.7,.727,1.7,8.1,9.7,4.0,0.9,2.4,1.8,4.3,20.4,,106,110
278,Kyle Korver\korveky01,SG,36,CLE,73,4,1574,6.9,15.1,.459,5.1,11.7,.436,1.8,3.4,.537,2.0,2.2,.889,0.3,4.9,5.1,2.7,1.0,0.8,1.7,4.0,20.9,,120,114
279,Kosta Koufos\koufoko01,C,28,SAC,71,13,1391,8.1,14.1,.571,0.0,0.0,,8.1,14.1,.571,1.2,2.7,.446,5.4,11.7,17.2,3.2,1.7,1.2,1.8,5.3,17.3,,117,108
280,Kyle Kuzma\kuzmaky01,PF,22,LAL,77,37,2401,9.3,20.7,.450,3.2,8.6,.366,6.2,12.1,.511,2.9,4.1,.707,1.8,7.9,9.6,2.8,1.0,0.7,2.8,3.2,24.7,,105,109
281,Mindaugas Kuzminskas\kuzmimi01,SF,28,NYK,1,0,2,0.0,49.6,.000,0.0,0.0,,0.0,49.6,.000,0.0,0.0,,0.0,0.0,0.0,0.0,0.0,0.0,0.0,0.0,0.0,,0,120
282,Skal Labissiere\labissk01,PF,21,SAC,60,28,1240,8.4,18.7,.448,0.7,2.1,.353,7.6,16.6,.459,3.9,4.8,.805,4.0,7.7,11.7,2.9,1.0,2.0,3.0,5.4,21.3,,103,111
283,Jeremy Lamb\lambje01,SG,25,CHO,80,18,1967,9.4,20.6,.457,2.3,6.3,.370,7.1,14.3,.495,4.4,5.2,.861,1.2,6.8,8.0,4.6,1.5,0.8,2.3,3.4,25.6,,112,109
284,Shane Larkin\larkish01,PG,25,BOS,54,2,775,5.4,14.1,.384,2.0,5.5,.360,3.4,8.6,.398,2.1,2.4,.865,1.0,5.0,5.9,6.3,1.9,0.2,2.1,3.7,14.9,,104,106
285,Joffrey Lauvergne\lauvejo01,C,26,SAS,55,1,534,9.3,18.0,.516,0.0,0.5,.000,9.3,17.5,.530,2.8,4.4,.638,6.0,10.2,16.2,3.9,0.9,0.3,3.1,4.3,21.4,,109,106
286,Zach LaVine\lavinza01,SG,22,CHI,24,24,656,10.1,26.4,.383,3.1,9.2,.341,7.0,17.3,.405,6.5,8.0,.813,0.7,6.3,7.0,5.4,1.8,0.3,3.2,4.1,29.8,,99,111
287,Jake Layman\laymaja01,SF,23,POR,35,1,160,4.4,14.6,.298,1.2,6.2,.200,3.1,8.4,.370,0.6,0.9,.667,1.2,3.7,5.0,3.4,1.9,1.2,1.6,4.0,10.6,,81,107
288,T.J. Leaf\leaftj01,PF,20,IND,53,0,459,7.0,14.8,.471,2.0,4.6,.429,5.0,10.2,.489,1.1,1.7,.625,3.2,5.8,8.9,1.0,0.5,0.4,1.1,4.9,17.0,,113,112
289,Courtney Lee\leeco01,SG,32,NYK,76,69,2310,7.4,16.2,.454,2.4,6.0,.406,4.9,10.2,.482,2.4,2.7,.919,0.6,4.2,4.8,3.9,1.7,0.4,1.8,2.3,19.6,,112,113
290,Damion Lee\leeda03,SG,25,ATL,15,11,404,7.5,18.4,.408,1.8,7.3,.250,5.7,11.1,.511,2.7,3.5,.759,1.3,7.3,8.6,3.5,2.3,0.1,1.7,3.0,19.5,,100,110
291,Walt Lemon Jr.\lemonwa01,PG,25,NOP,5,0,35,9.5,21.8,.438,1.4,1.4,1.000,8.2,20.5,.400,2.7,4.1,.667,0.0,2.7,2.7,6.8,0.0,1.4,5.5,6.8,23.2,,88,114
292,Alex Len\lenal01,C,24,PHO,69,13,1395,7.3,13.0,.566,0.0,0.1,.333,7.3,12.9,.568,5.4,7.9,.684,6.0,11.8,17.8,2.8,0.9,2.1,2.7,5.4,20.1,,121,110
293,Kawhi Leonard\leonaka01,SF,26,SAS,9,9,210,12.5,26.7,.468,2.6,8.4,.314,9.9,18.3,.539,7.5,9.1,.816,1.4,8.7,10.1,5.1,4.3,2.2,3.8,2.2,35.1,,109,97
294,Meyers Leonard\leoname01,C,25,POR,33,2,254,9.0,15.3,.590,2.2,5.1,.423,6.9,10.2,.673,1.8,2.2,.818,2.4,11.4,13.7,3.3,1.4,0.0,2.0,7.1,21.9,,129,106
295,Jon Leuer\leuerjo01,PF,28,DET,8,0,136,5.5,13.2,.417,0.0,1.1,.000,5.5,12.1,.455,4.8,5.5,.867,2.6,9.2,11.7,1.8,0.4,1.1,2.6,5.9,15.8,,100,109
296,Caris LeVert\leverca01,SF,23,BRK,71,10,1864,8.3,19.1,.435,2.2,6.4,.347,6.1,12.8,.480,3.5,4.9,.711,1.4,5.4,6.8,7.8,2.1,0.6,4.0,4.1,22.3,,103,110
297,DeAndre Liggins\liggide01,SG,29,TOT,58,4,724,2.7,7.2,.377,1.3,3.6,.358,1.4,3.6,.396,0.1,0.3,.400,0.5,4.6,5.1,3.3,2.5,1.0,1.4,5.5,6.9,,95,109
297,DeAndre Liggins\liggide01,SG,29,MIL,31,1,480,2.3,6.8,.338,1.1,3.7,.306,1.1,3.0,.379,0.2,0.5,.400,0.5,4.6,5.1,2.8,2.8,1.0,1.4,6.3,5.9,,88,109
297,DeAndre Liggins\liggide01,SG,29,NOP,27,3,244,3.5,8.0,.439,1.6,3.3,.471,2.0,4.7,.417,0.0,0.0,,0.4,4.7,5.1,4.1,2.0,0.8,1.4,3.9,8.6,,107,109
298,Damian Lillard\lillada01,PG,27,POR,73,73,2670,11.6,26.4,.439,4.2,11.7,.361,7.3,14.6,.501,9.2,10.0,.916,1.2,4.9,6.1,9.0,1.4,0.5,3.8,2.2,36.6,,120,109
299,Jeremy Lin\linje01,PG,29,BRK,1,1,25,9.7,23.3,.417,1.9,3.9,.500,7.8,19.4,.400,13.6,13.6,1.000,0.0,0.0,0.0,7.8,0.0,0.0,5.8,5.8,35.0,,110,119
300,Shaun Livingston\livinsh01,PG,32,GSW,71,7,1129,7.3,14.6,.501,0.0,0.2,.000,7.3,14.4,.509,2.1,2.6,.820,1.4,4.2,5.6,6.0,1.5,0.9,2.5,5.0,16.8,,108,110
301,Kevon Looney\looneke01,C,21,GSW,66,4,910,5.9,10.2,.580,0.1,0.3,.200,5.9,10.0,.590,2.2,4.1,.545,4.4,7.0,11.4,2.2,1.8,3.0,1.6,5.6,14.1,,121,106
302,Brook Lopez\lopezbr01,C,29,LAL,74,72,1735,10.2,21.9,.465,3.1,9.0,.345,7.1,12.9,.549,3.1,4.4,.703,2.0,6.1,8.1,3.5,0.8,2.7,2.7,5.4,26.5,,108,108
303,Robin Lopez\lopezro01,C,29,CHI,64,64,1690,9.9,18.6,.530,0.1,0.4,.286,9.8,18.2,.536,2.0,2.6,.756,3.9,4.5,8.4,3.6,0.4,1.5,3.1,3.1,21.8,,106,114
304,Kevin Love\loveke01,C,29,CLE,59,59,1651,9.9,21.6,.458,4.1,9.8,.415,5.8,11.8,.494,6.9,7.9,.880,3.0,13.2,16.2,3.1,1.3,0.7,2.7,3.6,30.8,,120,109
305,Kyle Lowry\lowryky01,PG,31,TOR,78,78,2510,7.9,18.5,.427,4.7,11.7,.399,3.2,6.8,.474,4.4,5.1,.854,1.3,7.2,8.5,10.5,1.7,0.4,3.6,3.8,24.9,,120,107
306,Timothe Luwawu-Cabarrot\luwawti01,SF,22,PHI,52,7,807,6.0,15.9,.375,3.2,9.4,.335,2.8,6.5,.431,2.7,3.5,.793,0.8,3.5,4.3,3.2,0.7,0.3,2.3,5.8,17.8,,101,110
307,Tyler Lydon\lydonty01,PF,21,DEN,1,0,2,0.0,0.0,,0.0,0.0,,0.0,0.0,,0.0,0.0,,0.0,0.0,0.0,0.0,0.0,0.0,0.0,0.0,0.0,,,120
308,Trey Lyles\lylestr01,PF,22,DEN,73,2,1391,9.6,19.6,.491,3.0,7.8,.381,6.7,11.8,.563,3.6,5.2,.697,2.0,10.4,12.4,3.2,1.1,1.2,2.2,4.0,25.8,,116,110
309,Shelvin Mack\macksh01,PG,27,ORL,69,3,1365,6.4,14.8,.430,1.7,5.0,.345,4.7,9.9,.473,2.5,3.5,.711,0.8,5.1,6.0,9.8,1.9,0.3,3.2,3.3,17.0,,106,111
310,Josh Magette\magetjo01,PG,28,ATL,18,0,216,3.4,10.4,.326,1.8,5.0,.364,1.6,5.4,.292,1.8,1.8,1.000,0.5,3.8,4.3,12.9,1.8,0.2,2.0,3.6,10.4,,116,113
311,Ian Mahinmi\mahinia01,C,31,WAS,77,0,1145,6.0,10.8,.556,0.0,0.1,.000,6.0,10.7,.561,3.9,5.6,.703,5.9,7.7,13.5,2.3,1.6,1.8,4.3,10.0,15.9,,107,107
312,Thon Maker\makerth01,C,20,MIL,74,12,1238,5.2,12.7,.411,1.2,4.2,.298,4.0,8.5,.467,2.6,3.7,.699,3.0,6.0,9.1,1.9,1.5,2.1,1.8,6.5,14.3,,103,110
313,Boban Marjanovic\marjabo01,C,29,TOT,39,1,337,11.5,21.6,.534,0.0,0.0,,11.5,21.6,.534,11.3,14.2,.794,7.0,14.0,21.0,3.2,1.5,1.6,5.3,7.5,34.3,,116,104
313,Boban Marjanovic\marjabo01,C,29,DET,19,1,171,12.0,23.0,.519,0.0,0.0,,12.0,23.0,.519,10.5,13.1,.800,4.4,12.3,16.6,4.1,1.2,1.8,6.4,8.2,34.4,,107,104
313,Boban Marjanovic\marjabo01,C,29,LAC,20,0,166,11.1,20.2,.551,0.0,0.0,,11.1,20.2,.551,12.0,15.2,.788,9.7,15.8,25.5,2.3,1.8,1.5,4.1,6.7,34.3,,126,104
314,Lauri Markkanen\markkla01,PF,20,CHI,68,68,2020,9.0,20.8,.434,3.5,9.7,.362,5.5,11.1,.497,3.4,4.0,.843,1.9,10.4,12.3,1.9,0.9,1.0,2.0,2.5,25.0,,107,110
315,Jarell Martin\martija01,PF,23,MEM,73,36,1661,6.7,15.1,.446,1.0,3.0,.347,5.7,12.1,.470,2.7,3.5,.767,3.0,6.7,9.7,2.2,1.2,1.5,2.6,6.4,17.2,,101,111
316,Frank Mason\masonfr01,PG,23,SAC,52,2,984,7.4,19.5,.379,1.6,4.4,.360,5.8,15.1,.384,4.8,5.9,.817,1.5,5.1,6.7,7.6,1.7,0.5,3.3,3.7,21.2,,100,112
317,Mangok Mathiang\mathima01,C,25,CHO,4,0,20,9.8,17.1,.571,0.0,0.0,,9.8,17.1,.571,0.0,2.4,.000,7.3,17.1,24.4,0.0,2.4,0.0,0.0,12.2,19.5,,122,103
318,Wesley Matthews\matthwe02,SF,31,DAL,63,62,2131,6.7,16.4,.406,3.6,9.5,.381,3.1,6.9,.441,2.0,2.4,.822,0.7,4.0,4.7,4.1,1.8,0.4,2.0,3.3,18.9,,105,111
319,Luc Mbah a Moute\mbahalu01,PF,31,HOU,61,15,1564,5.2,10.9,.481,2.0,5.4,.364,3.2,5.4,.599,2.0,3.0,.684,0.7,5.2,5.9,1.7,2.3,0.8,2.2,3.1,14.5,,106,106
320,James Michael McAdoo\mcadoja01,PF,25,PHI,3,0,18,5.3,18.7,.286,5.3,18.7,.286,0.0,0.0,,5.3,5.3,1.000,0.0,5.3,5.3,0.0,0.0,2.7,2.7,2.7,21.4,,94,108
321,Patrick McCaw\mccawpa01,SG,22,GSW,57,10,961,4.6,11.3,.409,1.0,4.0,.238,3.7,7.3,.503,1.3,1.7,.765,0.8,3.3,4.1,4.1,2.2,0.5,2.1,3.4,11.5,,96,110
322,CJ McCollum\mccolcj01,SG,26,POR,81,81,2923,11.4,25.6,.443,3.2,8.1,.397,8.1,17.5,.465,3.6,4.3,.836,0.9,4.6,5.5,4.6,1.3,0.6,2.6,2.9,29.5,,108,109
323,T.J. McConnell\mccontj01,PG,25,PHI,76,1,1706,5.9,11.9,.499,0.8,1.7,.435,5.2,10.1,.510,0.9,1.1,.795,1.0,5.3,6.4,8.5,2.6,0.4,3.2,3.4,13.5,,109,105
324,Erik McCree\mccreer01,SF,24,UTA,4,0,8,0.0,12.5,.000,0.0,6.3,.000,0.0,6.3,.000,0.0,0.0,,0.0,6.3,6.3,0.0,6.3,0.0,6.3,0.0,0.0,,0,96
325,Chris McCullough\mcculch01,PF,22,WAS,19,0,90,9.9,23.2,.429,0.6,4.4,.125,9.4,18.8,.500,5.0,7.7,.643,3.9,9.9,13.8,2.2,0.0,2.8,1.1,4.4,25.4,,104,108
326,Doug McDermott\mcderdo01,SF,26,TOT,81,4,1768,6.7,14.3,.467,2.6,6.1,.426,4.1,8.2,.497,1.8,2.3,.790,1.1,4.5,5.6,2.2,0.5,0.5,1.6,3.4,17.7,,111,115
326,Doug McDermott\mcderdo01,SF,26,NYK,55,1,1172,6.4,13.9,.460,2.2,5.8,.387,4.1,8.1,.513,1.7,2.2,.755,1.4,4.3,5.7,2.1,0.4,0.5,1.4,3.1,16.7,,111,115
326,Doug McDermott\mcderdo01,SF,26,DAL,26,3,596,7.2,15.2,.478,3.3,6.7,.494,4.0,8.5,.465,2.0,2.4,.857,0.6,5.0,5.6,2.4,0.8,0.3,1.9,4.1,19.8,,112,113
327,JaVale McGee\mcgeeja01,C,30,GSW,65,17,615,10.7,17.2,.621,0.0,0.5,.000,10.7,16.7,.638,3.0,4.1,.731,4.6,8.6,13.2,2.6,1.6,4.5,2.1,7.1,24.3,,124,103
328,Rodney McGruder\mcgruro01,SG,26,MIA,18,2,299,6.0,12.3,.493,2.5,5.9,.429,3.5,6.4,.553,0.7,1.3,.500,1.8,3.5,5.4,2.9,1.3,0.5,0.7,3.5,15.3,,124,110
329,Trey McKinney-Jones\mckintr01,SG,27,IND,1,0,1,0.0,0.0,,0.0,0.0,,0.0,0.0,,0.0,0.0,,0.0,0.0,0.0,0.0,0.0,0.0,0.0,0.0,0.0,,,117
330,Alfonzo McKinnie\mckinal01,SF,25,TOR,14,0,53,7.4,13.9,.533,2.8,8.4,.333,4.6,5.6,.833,1.9,2.8,.667,0.9,5.6,6.5,0.9,0.9,0.9,2.8,7.4,19.5,,108,108
331,Ben McLemore\mclembe01,SG,24,MEM,56,17,1091,7.3,17.3,.421,2.5,7.4,.346,4.7,9.9,.477,2.5,3.0,.828,1.6,4.9,6.4,2.4,1.8,0.7,2.8,6.4,19.6,,99,112
332,Josh McRoberts\mcrobjo01,PF,30,DAL,2,0,6,0.0,8.4,.000,0.0,8.4,.000,0.0,0.0,,0.0,0.0,,0.0,0.0,0.0,0.0,0.0,0.0,0.0,16.7,0.0,,0,117
333,Jodie Meeks\meeksjo01,SG,30,WAS,77,0,1119,7.0,17.4,.399,3.2,9.3,.343,3.8,8.1,.464,4.5,5.2,.863,0.7,4.9,5.6,3.1,1.3,0.2,1.6,2.4,21.6,,111,112
334,Salah Mejri\mejrisa01,C,31,DAL,61,1,729,6.1,9.4,.642,0.0,0.2,.000,6.1,9.2,.657,2.6,4.5,.576,5.9,11.1,16.9,2.4,1.5,4.6,2.7,8.3,14.7,,122,102
335,Jordan Mickey\mickejo01,PF,23,MIA,23,3,284,6.9,14.5,.476,0.4,2.8,.125,6.5,11.7,.561,2.3,3.4,.684,3.2,11.3,14.5,1.6,1.1,1.8,3.2,6.4,16.4,,96,104
336,Khris Middleton\middlkh01,SF,26,MIL,82,82,2982,9.9,21.3,.466,2.4,6.8,.359,7.5,14.5,.517,5.4,6.1,.884,0.8,6.4,7.2,5.5,2.0,0.4,3.2,4.5,27.6,,111,111
337,C.J. Miles\milescj01,SF,30,TOR,70,3,1337,8.4,22.1,.379,6.0,16.7,.361,2.3,5.3,.434,3.0,3.6,.835,0.7,4.9,5.6,2.0,1.4,0.8,1.4,4.9,25.8,,109,108
338,Darius Miller\milleda01,SF,27,NOP,82,3,1944,5.3,12.0,.444,3.6,8.8,.411,1.7,3.2,.535,1.4,1.6,.866,0.4,3.6,4.0,2.7,0.7,0.4,1.4,3.9,15.6,,115,113
339,Malcolm Miller\millema01,SF,24,TOR,15,4,126,5.1,11.0,.464,3.1,8.2,.381,2.0,2.7,.714,1.6,1.6,1.000,1.6,4.3,5.9,1.2,0.4,0.8,2.0,3.9,14.9,,115,111
340,Patty Mills\millspa02,PG,29,SAS,82,36,2107,6.7,16.4,.411,3.7,9.9,.372,3.0,6.4,.470,2.5,2.8,.890,0.6,3.1,3.7,5.5,1.3,0.3,2.5,3.1,19.6,,109,109
341,Paul Millsap\millspa01,PF,32,DEN,38,37,1143,8.8,18.9,.464,1.7,4.9,.345,7.1,14.0,.506,4.9,7.0,.696,2.8,7.8,10.6,4.5,1.7,1.9,3.2,4.3,24.1,,109,109
342,Nikola Mirotic\mirotni01,PF,26,TOT,55,14,1494,9.9,22.1,.447,4.4,11.5,.377,5.5,10.5,.525,3.6,4.4,.818,1.9,11.2,13.1,2.6,1.4,1.3,2.0,3.5,27.7,,111,107
342,Nikola Mirotic\mirotni01,PF,26,CHI,25,3,622,11.2,23.7,.474,5.4,12.6,.429,5.8,11.1,.525,5.1,6.2,.823,1.4,11.1,12.5,3.1,1.2,1.0,2.4,3.5,33.0,,117,110
342,Nikola Mirotic\mirotni01,PF,26,NOP,30,11,872,8.9,20.9,.427,3.6,10.8,.335,5.3,10.1,.524,2.6,3.2,.810,2.2,11.2,13.5,2.2,1.6,1.4,1.7,3.4,24.0,,107,106
343,Donovan Mitchell\mitchdo01,SG,21,UTA,79,71,2638,11.3,25.9,.437,3.6,10.5,.340,7.8,15.4,.502,4.5,5.6,.805,1.0,4.6,5.6,5.5,2.2,0.5,4.1,4.0,30.7,,103,105
344,Naz Mitrou-Long\mitrona01,SG,24,UTA,1,0,1,50.1,50.1,1.000,50.1,50.1,1.000,0.0,0.0,,0.0,0.0,,0.0,0.0,0.0,0.0,0.0,0.0,0.0,0.0,150.4,,300,113
345,Malik Monk\monkma01,SG,19,CHO,63,0,854,8.7,24.3,.360,4.7,13.9,.342,4.0,10.4,.385,1.8,2.2,.842,0.5,3.3,3.8,5.2,1.1,0.5,2.7,3.4,24.0,,96,112
346,Greg Monroe\monrogr01,C,27,TOT,51,14,1040,10.3,18.2,.565,0.0,0.0,,10.3,18.2,.565,4.1,5.6,.739,5.1,11.4,16.5,5.4,2.1,1.1,4.4,4.5,24.7,,112,105
346,Greg Monroe\monrogr01,C,27,MIL,5,0,79,10.1,20.8,.485,0.0,0.0,,10.1,20.8,.485,1.3,2.5,.500,3.8,12.0,15.8,3.2,0.0,0.0,3.8,4.4,21.5,,94,112
346,Greg Monroe\monrogr01,C,27,PHO,20,14,465,10.0,16.0,.626,0.0,0.0,,10.0,16.0,.626,3.2,4.7,.674,5.1,11.3,16.5,5.1,1.6,0.6,4.1,4.1,23.2,,117,110
346,Greg Monroe\monrogr01,C,27,BOS,26,0,496,10.6,20.0,.530,0.0,0.0,,10.6,20.0,.530,5.5,7.0,.797,5.3,11.3,16.6,5.9,2.8,1.7,4.8,4.8,26.7,,111,98
347,Luis Montero\montelu01,SG,24,DET,2,0,8,0.0,6.2,.000,0.0,0.0,,0.0,6.2,.000,0.0,0.0,,0.0,12.5,12.5,0.0,0.0,0.0,12.5,0.0,0.0,,0,109
348,Ben Moore\moorebe01,PF,22,IND,2,0,9,0.0,0.0,,0.0,0.0,,0.0,0.0,,0.0,0.0,,0.0,5.6,5.6,5.6,0.0,0.0,0.0,22.2,0.0,,222,113
349,E'Twaun Moore\mooreet01,SG,28,NOP,82,80,2586,7.8,15.4,.508,2.4,5.6,.425,5.4,9.8,.556,0.9,1.3,.706,1.1,3.3,4.4,3.5,1.5,0.2,1.9,3.4,18.9,,111,112
350,Eric Moreland\moreler01,PF,26,DET,67,3,805,4.1,7.6,.541,0.0,0.0,,4.1,7.6,.541,0.7,1.8,.379,5.0,12.2,17.2,4.8,1.9,3.2,2.6,7.2,8.9,,111,101
351,Jaylen Morris\morrija01,SG,22,ATL,6,0,98,6.5,15.9,.406,1.0,5.0,.200,5.5,11.0,.500,0.0,0.0,,1.0,7.0,8.0,3.5,1.0,0.5,3.0,1.0,14.0,,83,113
352,Marcus Morris\morrima03,PF,28,BOS,54,21,1447,9.0,21.1,.429,3.0,8.1,.368,6.1,13.0,.467,4.3,5.3,.805,1.5,8.5,10.0,2.5,1.2,0.4,2.2,3.5,25.4,,106,105
353,Markieff Morris\morrima02,PF,28,WAS,73,73,1968,8.3,17.3,.480,1.9,5.2,.367,6.4,12.1,.529,2.6,3.2,.820,1.9,8.4,10.3,3.6,1.4,1.0,3.2,5.5,21.2,,105,108
354,Monte Morris\morrimo01,PG,22,DEN,3,0,25,7.9,11.9,.667,0.0,2.0,.000,7.9,9.9,.800,4.0,4.0,1.000,0.0,4.0,4.0,13.9,5.9,0.0,2.0,2.0,19.8,,151,104
355,Johnathan Motley\motlejo01,PF,22,DAL,11,4,176,11.4,21.4,.533,0.3,1.7,.167,11.1,19.7,.565,4.3,8.0,.536,4.0,10.0,14.0,2.0,0.9,0.6,2.6,5.1,27.4,,106,110
356,Timofey Mozgov\mozgoti01,C,31,BRK,31,13,359,7.0,12.6,.559,0.5,2.4,.222,6.5,10.1,.640,3.1,4.1,.767,4.3,8.9,13.3,1.5,0.7,1.8,4.5,5.3,17.7,,103,110
357,Emmanuel Mudiay\mudiaem01,PG,21,TOT,64,14,1245,8.1,20.9,.388,1.9,5.9,.318,6.3,15.0,.415,3.9,5.1,.760,1.0,5.0,6.1,8.2,1.6,0.4,4.5,3.2,22.0,,96,113
357,Emmanuel Mudiay\mudiaem01,PG,21,DEN,42,0,752,8.5,21.2,.401,2.5,6.7,.373,6.0,14.5,.414,4.2,5.1,.808,1.1,5.1,6.2,8.0,1.4,0.3,4.7,3.1,23.7,,99,113
357,Emmanuel Mudiay\mudiaem01,PG,21,NYK,22,14,493,7.5,20.5,.368,0.9,4.6,.196,6.6,15.9,.418,3.5,5.1,.686,1.0,4.8,5.8,8.5,2.0,0.7,4.1,3.3,19.5,,90,111
358,Shabazz Muhammad\muhamsh01,SF-SG,25,TOT,43,2,418,10.0,22.5,.447,0.8,3.2,.259,9.2,19.2,.478,4.7,6.0,.780,2.7,6.3,9.1,1.7,1.1,0.4,0.7,3.6,25.6,,109,113
358,Shabazz Muhammad\muhamsh01,SF,25,MIN,32,2,301,7.8,20.1,.388,0.7,3.2,.211,7.1,16.9,.422,3.7,5.2,.710,2.5,5.0,7.5,1.2,0.8,0.3,0.8,3.8,19.9,,99,115
358,Shabazz Muhammad\muhamsh01,SG,25,MIL,11,0,117,15.8,28.6,.552,1.3,3.4,.375,14.5,25.1,.576,7.2,8.1,.895,3.4,9.8,13.2,3.0,1.7,0.4,0.4,3.0,40.1,,130,109
359,Xavier Munford\munfoxa02,SG,25,MIL,6,0,21,2.4,14.2,.167,0.0,4.7,.000,2.4,9.5,.250,2.4,4.7,.500,2.4,0.0,2.4,9.5,2.4,0.0,4.7,9.5,7.1,,64,114
360,Dejounte Murray\murrade01,PG,21,SAS,81,48,1743,7.8,17.7,.443,0.3,1.0,.265,7.6,16.7,.454,3.0,4.3,.709,3.2,10.1,13.3,6.7,2.8,0.9,3.9,4.4,19.0,,99,101
361,Jamal Murray\murraja01,PG,20,DEN,81,80,2565,9.3,20.5,.451,3.2,8.4,.378,6.1,12.1,.502,4.4,4.9,.905,1.6,4.2,5.7,5.3,1.5,0.5,3.3,3.3,26.1,,112,113
362,Mike Muscala\muscami01,C,26,ATL,53,7,1060,6.6,14.4,.458,2.9,7.7,.371,3.7,6.7,.559,2.6,2.9,.919,2.6,8.0,10.6,2.3,1.4,1.2,1.9,3.7,18.7,,115,110
363,Abdel Nader\naderab01,SF,24,BOS,48,1,522,4.8,14.3,.336,2.2,6.2,.354,2.6,8.0,.321,2.2,3.7,.590,1.2,5.6,6.8,2.5,1.4,1.0,3.3,4.3,14.0,,83,105
364,Larry Nance\nancela02,C,25,TOT,66,27,1421,8.1,14.0,.581,0.1,0.4,.167,8.1,13.6,.594,3.1,4.7,.664,5.5,9.9,15.3,2.8,3.0,1.3,1.7,5.8,19.4,,125,104
364,Larry Nance\nancela02,C,25,LAL,42,17,922,7.9,13.1,.601,0.1,0.2,.250,7.8,12.9,.606,2.9,4.5,.632,5.6,9.1,14.7,3.0,3.1,1.0,2.1,5.9,18.7,,124,103
364,Larry Nance\nancela02,C,25,CLE,24,10,499,8.6,15.7,.550,0.1,0.8,.125,8.5,14.9,.572,3.5,4.9,.720,5.2,11.3,16.5,2.5,2.8,1.8,1.0,5.8,20.9,,127,105
365,Shabazz Napier\napiesh01,PG,26,POR,74,10,1535,7.2,17.2,.420,2.7,7.1,.376,4.6,10.1,.450,3.8,4.5,.841,0.8,4.7,5.5,4.9,2.6,0.5,2.9,2.7,20.9,,107,106
366,Jameer Nelson\nelsoja01,PG,35,TOT,50,0,1013,4.5,11.6,.389,1.9,5.9,.331,2.6,5.7,.450,0.8,0.9,.800,0.6,4.3,4.9,8.5,1.3,0.2,3.2,3.8,11.7,,99,112
366,Jameer Nelson\nelsoja01,PG,35,NOP,43,0,897,4.5,10.9,.410,2.1,5.9,.364,2.3,5.1,.463,0.7,0.9,.765,0.6,4.5,5.1,8.3,1.2,0.2,3.0,3.6,11.8,,104,112
366,Jameer Nelson\nelsoja01,PG,35,DET,7,0,116,4.7,16.8,.282,0.4,6.0,.071,4.3,10.8,.400,1.3,1.3,1.000,0.9,2.6,3.4,9.9,1.7,0.4,4.7,6.0,11.2,,75,110
367,Raul Neto\netora01,PG,25,UTA,41,0,498,6.9,15.2,.457,1.9,4.7,.404,5.0,10.5,.481,2.6,3.5,.743,0.7,4.2,4.9,7.6,1.3,0.4,3.6,3.8,18.4,,105,108
368,Georges Niang\niangge01,PF,24,UTA,9,0,32,6.3,17.2,.364,0.0,6.3,.000,6.3,11.0,.571,1.6,3.1,.500,4.7,9.4,14.1,4.7,3.1,0.0,4.7,1.6,14.1,,81,101
369,Joakim Noah\noahjo01,C,32,NYK,7,0,40,6.2,12.4,.500,0.0,0.0,,6.2,12.4,.500,2.5,5.0,.500,7.4,9.9,17.3,5.0,2.5,2.5,5.0,6.2,14.9,,100,105
370,Nerlens Noel\noelne01,C,23,DAL,30,6,472,5.8,11.2,.524,0.0,0.1,.000,5.8,11.1,.529,2.2,3.0,.750,5.1,12.8,17.9,2.1,3.3,2.3,2.8,6.3,13.9,,109,100
371,Lucas Nogueira\noguelu01,C,25,TOR,49,3,418,5.8,9.4,.613,0.6,2.2,.263,5.2,7.2,.721,2.2,3.3,.679,2.1,8.1,10.3,2.6,2.7,5.1,1.9,5.8,14.4,,123,98
372,Dirk Nowitzki\nowitdi01,C,39,DAL,77,77,1900,9.1,20.0,.456,3.6,8.9,.409,5.5,11.1,.494,2.6,2.9,.898,0.6,11.0,11.6,3.2,1.1,1.2,1.3,3.9,24.5,,112,108
373,Frank Ntilikina\ntilila01,PG,19,NYK,78,9,1706,5.3,14.5,.364,1.5,4.6,.318,3.8,10.0,.385,1.4,2.0,.721,1.1,4.1,5.1,7.3,1.9,0.5,3.8,5.3,13.5,,89,112
374,Jusuf Nurkic\nurkiju01,C,23,POR,79,79,2088,11.4,22.7,.505,0.0,0.2,.000,11.4,22.5,.508,4.1,6.5,.630,4.5,12.4,16.9,3.4,1.5,2.6,4.4,5.9,27.0,,102,101
375,David Nwaba\nwabada01,SG,25,CHI,70,21,1646,6.0,12.5,.478,0.5,1.5,.346,5.5,11.0,.496,3.9,6.0,.655,2.6,7.0,9.7,3.1,1.7,0.9,2.3,4.7,16.5,,107,110
376,Johnny O'Bryant\obryajo01,PF,24,CHO,36,0,379,8.7,22.0,.398,1.8,5.5,.326,6.9,16.5,.422,2.7,3.2,.840,3.7,8.2,12.0,1.8,1.2,0.8,1.9,5.8,22.0,,99,109
377,Royce O'Neale\onealro01,SF,24,UTA,69,4,1150,5.2,12.4,.423,1.8,5.1,.356,3.4,7.2,.470,2.7,3.3,.803,1.1,9.2,10.3,4.1,1.6,0.7,2.4,4.6,15.0,,105,104
378,Kyle O'Quinn\oquinky01,C,27,NYK,77,10,1387,8.0,13.8,.582,0.1,0.6,.235,7.9,13.2,.598,3.5,4.5,.772,4.3,12.5,16.8,5.6,1.3,3.5,3.6,6.9,19.7,,118,105
379,Semi Ojeleye\ojelese01,PF,23,BOS,73,0,1150,2.8,8.2,.346,1.7,5.4,.320,1.1,2.7,.397,1.1,1.8,.610,1.6,5.4,7.0,0.9,0.9,0.2,1.1,4.0,8.5,,97,107
380,Emeka Okafor\okafoem01,C,35,NOP,26,19,353,6.5,12.8,.505,0.0,0.0,,6.5,12.8,.505,2.4,3.0,.818,6.4,9.9,16.2,1.1,1.1,3.4,1.8,4.1,15.4,,116,105
381,Jahlil Okafor\okafoja01,C,22,TOT,28,0,353,10.6,19.0,.558,0.1,0.5,.250,10.4,18.4,.567,2.9,4.0,.724,2.9,8.8,11.7,1.6,0.4,2.5,2.9,7.0,24.2,,107,109
381,Jahlil Okafor\okafoja01,C,22,PHI,2,0,25,7.7,17.3,.444,0.0,0.0,,7.7,17.3,.444,3.8,7.7,.500,7.7,9.6,17.3,1.9,0.0,3.8,5.8,13.5,19.2,,89,103
381,Jahlil Okafor\okafoja01,C,22,BRK,26,0,328,10.8,19.1,.566,0.1,0.6,.250,10.7,18.5,.576,2.8,3.7,.760,2.5,8.7,11.2,1.6,0.4,2.4,2.7,6.5,24.6,,108,110
382,Victor Oladipo\oladivi01,SG,25,IND,75,75,2552,12.5,26.3,.477,3.2,8.5,.371,9.4,17.8,.528,5.8,7.2,.799,0.9,6.7,7.6,6.3,3.5,1.1,4.3,3.4,34.0,,110,104
383,Kelly Olynyk\olynyke01,PF,26,MIA,76,22,1779,8.9,17.9,.497,3.0,7.9,.379,5.9,10.0,.590,3.8,4.9,.770,2.5,9.7,12.2,5.8,1.7,1.0,4.1,6.3,24.6,,112,105
384,Chinanu Onuaku\onuakch01,C,21,HOU,1,0,22,4.5,11.2,.400,0.0,0.0,,4.5,11.2,.400,0.0,0.0,,2.2,6.7,8.9,2.2,0.0,0.0,6.7,8.9,8.9,,62,111
385,Cedi Osman\osmande01,SF,22,CLE,61,12,672,6.6,13.6,.484,2.3,6.3,.368,4.2,7.2,.586,1.9,3.4,.565,1.4,7.4,8.7,3.0,1.6,0.2,2.3,5.7,17.3,,108,112
386,Kelly Oubre\oubreke01,SF,22,WAS,81,11,2231,7.1,17.6,.403,2.8,8.2,.341,4.3,9.4,.456,4.3,5.2,.820,1.3,6.8,8.1,2.2,1.8,0.8,2.0,5.2,21.2,,106,109
387,Zaza Pachulia\pachuza01,C,33,GSW,69,57,972,7.4,13.1,.564,0.0,0.0,.000,7.4,13.0,.567,3.7,4.6,.806,4.4,11.5,15.9,5.4,1.9,0.8,3.6,6.0,18.5,,117,105
388,Marcus Paige\paigema01,PG,24,CHO,5,0,28,7.0,24.4,.286,3.5,13.9,.250,3.5,10.5,.333,3.5,3.5,1.000,0.0,7.0,7.0,5.2,0.0,0.0,0.0,0.0,20.9,,96,114
389,Georgios Papagiannis\papagge01,C,20,TOT,17,0,122,7.5,17.4,.429,0.0,0.0,,7.5,17.4,.429,0.0,0.0,,5.4,9.9,15.3,3.7,1.7,2.5,3.3,5.0,14.9,,91,107
389,Georgios Papagiannis\papagge01,C,20,SAC,16,0,118,7.3,17.6,.415,0.0,0.0,,7.3,17.6,.415,0.0,0.0,,5.1,10.3,15.4,3.9,0.9,2.6,3.4,5.1,14.6,,88,109
389,Georgios Papagiannis\papagge01,C,20,POR,1,0,4,12.4,12.4,1.000,0.0,0.0,,12.4,12.4,1.000,0.0,0.0,,12.4,0.0,12.4,0.0,24.9,0.0,0.0,0.0,24.9,,208,60
390,Jabari Parker\parkeja01,PF,22,MIL,31,3,743,10.7,22.3,.482,2.1,5.4,.383,8.7,16.8,.514,2.7,3.6,.741,2.8,7.3,10.1,4.0,1.7,0.7,3.0,3.4,26.2,,106,111
391,Tony Parker\parketo01,PG,35,SAS,55,21,1071,8.4,18.3,.459,0.5,1.7,.270,7.9,16.6,.479,2.6,3.7,.705,0.3,4.2,4.5,9.2,1.3,0.0,3.2,2.5,19.9,,103,109
392,Chandler Parsons\parsoch01,SF,29,MEM,36,8,691,7.9,17.1,.462,3.7,8.9,.421,4.2,8.3,.504,1.2,2.0,.630,1.0,5.6,6.6,5.0,1.3,0.8,2.6,3.9,20.8,,110,113
393,Patrick Patterson\pattepa01,PF,28,OKC,82,3,1270,4.1,10.4,.398,2.6,6.7,.386,1.6,3.7,.421,1.6,1.8,.870,1.3,6.3,7.5,2.2,1.9,0.9,1.3,3.4,12.4,,114,108
394,Justin Patton\pattoju01,C,20,MIN,1,0,4,12.5,25.0,.500,0.0,0.0,,12.5,25.0,.500,0.0,0.0,,0.0,0.0,0.0,0.0,12.5,0.0,0.0,12.5,25.0,,101,92
395,Brandon Paul\paulbr01,SG,26,SAS,64,2,576,4.8,11.1,.433,1.3,4.7,.278,3.5,6.4,.548,1.9,3.8,.512,0.5,5.4,6.0,3.2,2.2,0.6,2.5,5.1,12.9,,94,105
396,Chris Paul\paulch01,PG,32,HOU,58,58,1847,9.8,21.3,.460,3.8,10.1,.380,5.9,11.2,.532,5.4,5.9,.919,1.0,7.4,8.3,12.2,2.6,0.4,3.4,3.8,28.8,,126,105
397,Adreian Payne\paynead01,PF,26,ORL,5,0,43,8.0,11.4,.700,2.3,3.4,.667,5.7,8.0,.714,5.7,6.8,.833,2.3,8.0,10.2,0.0,2.3,0.0,2.3,6.8,23.9,,140,109
398,Cameron Payne\payneca01,PG,23,CHI,25,14,582,7.3,18.0,.405,2.9,7.6,.385,4.4,10.4,.419,1.0,1.3,.750,1.5,4.3,5.8,9.5,2.2,0.8,3.0,3.7,18.5,,104,111
399,Elfrid Payton\paytoel01,PG,23,TOT,63,63,1808,8.8,17.9,.493,0.8,2.5,.326,8.0,15.5,.520,2.9,4.5,.649,1.7,5.6,7.4,10.6,2.2,0.6,4.5,4.0,21.4,,105,111
399,Elfrid Payton\paytoel01,PG,23,ORL,44,44,1257,9.3,17.8,.520,1.0,2.6,.373,8.3,15.2,.545,2.8,4.4,.632,1.8,4.9,6.8,10.7,2.5,0.6,4.4,3.8,22.3,,109,110
399,Elfrid Payton\paytoel01,PG,23,PHO,19,19,551,7.9,18.2,.435,0.4,2.2,.200,7.5,16.0,.467,3.2,4.7,.685,1.5,7.2,8.7,10.3,1.7,0.5,4.7,4.3,19.5,,97,113
400,Gary Payton\paytoga02,PG,25,TOT,23,6,221,6.6,16.3,.405,1.3,5.5,.240,5.3,10.8,.490,0.7,2.0,.333,2.9,6.8,9.7,4.6,1.5,0.7,1.5,6.6,15.2,,99,110
400,Gary Payton\paytoga02,PG,25,MIL,12,6,106,6.1,15.5,.394,0.9,5.6,.167,5.2,9.9,.524,0.9,1.4,.667,1.9,6.1,8.0,4.2,1.4,0.5,1.4,8.0,14.1,,97,112
400,Gary Payton\paytoga02,PG,25,LAL,11,0,115,7.1,17.1,.415,1.7,5.4,.308,5.4,11.6,.464,0.4,2.5,.167,3.7,7.5,11.2,5.0,1.7,0.8,1.7,5.4,16.2,,101,108
401,Kendrick Perkins\perkike01,C,33,CLE,1,0,15,3.3,6.5,.500,0.0,0.0,,3.3,6.5,.500,3.3,6.5,.500,0.0,3.3,3.3,6.5,3.3,0.0,3.3,3.3,9.8,,97,111
402,London Perrantes\perralo01,PG,23,CLE,14,0,66,1.5,9.6,.154,0.0,2.2,.000,1.5,7.4,.200,2.2,3.7,.600,0.7,2.2,3.0,3.7,1.5,0.7,0.7,4.5,5.2,,68,115
403,Alec Peters\peteral01,PF,22,PHO,20,0,225,6.0,15.7,.378,3.8,12.3,.310,2.1,3.4,.625,1.7,2.1,.800,1.7,6.2,7.9,2.6,0.4,0.4,0.9,2.8,17.4,,111,116
404,Marshall Plumlee\plumlma02,C,25,MIL,8,0,52,1.0,2.9,.333,0.0,0.0,,1.0,2.9,.333,11.5,15.3,.750,3.8,12.5,16.3,1.9,0.0,1.0,2.9,9.6,13.4,,128,111
405,Mason Plumlee\plumlma01,C,27,DEN,74,26,1439,7.6,12.7,.601,0.0,0.0,.000,7.6,12.6,.602,2.8,6.2,.456,4.5,9.2,13.8,4.9,1.7,2.8,3.5,6.3,18.1,,112,107
406,Miles Plumlee\plumlmi01,C,29,ATL,55,35,918,5.6,9.6,.583,0.0,0.0,,5.6,9.6,.583,1.4,3.2,.450,4.1,8.0,12.1,2.4,0.9,1.6,3.4,4.2,12.6,,102,111
407,Jakob Poeltl\poeltja01,C,22,TOR,82,0,1524,8.2,12.4,.659,0.0,0.1,.500,8.2,12.4,.660,1.9,3.3,.594,5.3,7.4,12.7,1.8,1.3,3.2,2.7,6.9,18.3,,122,104
408,Quincy Pondexter\pondequ01,SF,29,CHI,23,1,196,3.5,12.2,.286,0.7,5.5,.136,2.7,6.7,.407,3.5,4.2,.824,2.0,4.7,6.7,2.2,2.0,0.5,2.7,6.0,11.2,,81,111
409,Otto Porter\porteot01,SF,24,WAS,77,77,2432,9.1,18.1,.503,2.8,6.4,.441,6.3,11.7,.537,2.2,2.6,.828,2.1,7.9,10.0,3.2,2.4,0.8,1.5,3.1,23.2,,120,107
410,Bobby Portis\portibo01,PF,22,CHI,73,4,1643,11.3,24.1,.471,2.4,6.6,.359,9.0,17.5,.514,3.6,4.6,.769,4.7,10.1,14.8,3.7,1.5,0.7,3.1,3.9,28.6,,108,110
411,Kristaps Porzingis\porzikr01,PF,22,NYK,48,48,1553,12.4,28.4,.439,2.9,7.3,.395,9.6,21.1,.454,7.0,8.8,.793,2.0,8.1,10.1,1.8,1.1,3.7,3.0,4.5,34.7,,105,108
412,Dwight Powell\poweldw01,C,26,DAL,79,25,1672,7.7,12.9,.593,0.8,2.5,.333,6.8,10.4,.656,4.0,5.6,.719,4.1,9.3,13.3,2.7,2.0,1.0,1.8,5.6,20.1,,129,107
413,Norman Powell\powelno01,SG,24,TOR,70,18,1062,7.0,17.4,.401,2.5,8.6,.285,4.5,8.7,.516,1.5,1.8,.821,0.6,4.9,5.5,4.1,1.7,0.7,3.1,5.2,17.9,,94,107
414,Alex Poythress\poythal01,PF,24,IND,25,0,104,5.3,12.5,.423,1.9,5.3,.364,3.4,7.2,.467,0.0,0.0,,3.4,4.8,8.2,1.0,1.4,0.5,1.0,7.7,12.5,,108,110
415,Jacob Pullen\pulleja01,PG,28,PHI,3,0,6,8.0,16.0,.500,0.0,8.0,.000,8.0,8.0,1.000,0.0,0.0,,0.0,0.0,0.0,0.0,0.0,0.0,8.0,0.0,16.0,,60,114
416,Rodney Purvis\purviro01,SG,23,ORL,16,2,290,5.9,18.1,.327,2.2,8.8,.250,3.7,9.3,.400,2.2,2.5,.867,0.2,4.4,4.6,2.9,0.5,0.5,1.7,4.4,16.2,,86,115
417,Zhou Qi\qizh01,C,22,HOU,18,0,124,2.4,12.7,.188,0.8,7.5,.105,1.6,5.2,.308,3.2,4.8,.667,2.4,6.3,8.7,0.8,0.8,5.6,4.0,5.6,8.7,,61,102
418,Tim Quarterman\quartti01,SG,23,HOU,3,0,13,3.8,11.4,.333,0.0,7.6,.000,3.8,3.8,1.000,7.6,7.6,1.000,0.0,11.4,11.4,3.8,0.0,0.0,7.6,3.8,15.1,,78,109
419,Ivan Rabb\rabbiv01,PF,20,MEM,36,5,516,8.4,14.9,.566,0.0,0.0,,8.4,14.9,.566,2.8,3.5,.806,5.2,10.3,15.5,3.1,1.2,1.3,3.4,5.4,19.7,,112,110
420,Julius Randle\randlju01,C,23,LAL,82,49,2190,11.0,19.7,.558,0.2,1.0,.222,10.8,18.8,.575,6.7,9.3,.718,4.0,10.3,14.3,4.6,0.9,1.0,4.7,6.0,28.9,,112,107
421,Zach Randolph\randoza01,PF,36,SAC,59,57,1508,12.1,25.6,.473,1.7,4.9,.347,10.4,20.7,.503,2.8,3.6,.785,3.3,10.1,13.3,4.3,1.4,0.3,3.9,4.0,28.7,,101,111
422,Xavier Rathan-Mayes\rathaxa01,SG,23,MEM,5,0,118,5.1,18.0,.286,0.4,6.0,.071,4.7,12.0,.393,1.7,3.9,.444,0.0,2.1,2.1,7.7,2.6,1.3,4.7,7.7,12.4,,67,111
423,J.J. Redick\redicjj01,SG,33,PHI,70,70,2116,9.2,20.0,.460,4.4,10.5,.420,4.8,9.5,.504,4.5,5.0,.904,0.2,3.8,4.0,4.8,0.8,0.1,2.3,2.8,27.2,,119,110
424,Davon Reed\reedda01,SG,22,PHO,21,1,242,4.4,15.0,.289,2.2,7.5,.289,2.2,7.5,.289,1.6,2.4,.667,0.4,7.3,7.7,2.6,2.0,0.4,2.0,3.4,12.5,,80,112
425,Willie Reed\reedwi02,C,27,TOT,42,5,428,9.2,13.8,.669,0.1,0.2,.500,9.1,13.5,.672,3.6,6.3,.582,4.0,9.8,13.8,1.1,1.0,2.5,2.2,6.4,22.2,,125,108
425,Willie Reed\reedwi02,C,27,LAC,39,5,419,9.3,13.9,.667,0.1,0.2,.500,9.2,13.7,.669,3.7,6.4,.582,4.1,9.9,13.9,1.0,1.0,2.6,2.2,6.2,22.4,,125,108
425,Willie Reed\reedwi02,C,27,DET,3,0,9,5.5,5.5,1.000,0.0,0.0,,5.5,5.5,1.000,0.0,0.0,,0.0,5.5,5.5,5.5,0.0,0.0,0.0,16.6,11.1,,207,112
426,Josh Richardson\richajo01,SF,24,MIA,81,81,2689,7.4,16.5,.451,2.4,6.3,.378,5.1,10.3,.495,2.2,2.7,.845,1.3,4.0,5.3,4.3,2.3,1.4,2.6,3.7,19.5,,106,106
427,Malachi Richardson\richama01,SG,22,TOT,26,4,324,4.7,14.0,.333,1.9,6.2,.300,2.8,7.8,.360,2.7,3.4,.773,0.8,4.5,5.3,2.0,1.6,0.2,1.6,4.2,13.9,,91,114
427,Malachi Richardson\richama01,SG,22,SAC,25,4,319,4.6,14.0,.330,1.9,6.2,.308,2.7,7.8,.347,2.7,3.5,.773,0.8,4.4,5.2,2.1,1.6,0.2,1.6,4.3,13.8,,91,114
427,Malachi Richardson\richama01,SG,22,TOR,1,0,5,9.9,19.7,.500,0.0,9.9,.000,9.9,9.9,1.000,0.0,0.0,,0.0,9.9,9.9,0.0,0.0,0.0,0.0,0.0,19.7,,100,110
428,Austin Rivers\riverau01,SG,25,LAC,61,59,2057,8.1,19.0,.424,3.2,8.5,.378,4.8,10.5,.461,2.4,3.8,.642,0.6,2.8,3.4,5.7,1.7,0.4,2.6,3.6,21.7,,105,113
429,Andre Roberson\roberan03,SG,26,OKC,39,39,1037,4.2,7.8,.537,0.4,1.7,.222,3.8,6.0,.627,0.6,1.8,.316,3.6,5.3,8.9,2.2,2.2,1.7,1.4,4.3,9.3,,114,107
430,Devin Robinson\robinde01,SF,22,WAS,1,0,13,3.8,11.5,.333,0.0,0.0,,3.8,11.5,.333,0.0,0.0,,7.6,11.5,19.1,0.0,3.8,0.0,0.0,7.6,7.6,,103,102
431,Glenn Robinson\robingl02,SF,24,IND,23,1,338,5.3,12.6,.424,2.1,5.0,.412,3.3,7.5,.431,1.3,1.6,.818,1.6,3.8,5.5,2.5,1.9,0.1,0.7,2.1,14.0,,114,111
432,Rajon Rondo\rondora01,PG,31,NOP,65,63,1705,6.5,13.8,.468,1.4,4.2,.333,5.1,9.6,.526,0.7,1.3,.543,0.9,6.5,7.4,14.9,2.0,0.3,4.2,3.3,15.0,,109,109
433,Derrick Rose\rosede01,PG,29,TOT,25,7,420,9.5,21.8,.435,0.8,3.5,.233,8.7,18.3,.474,4.7,5.4,.870,1.5,2.6,4.1,4.3,0.8,0.5,4.1,1.9,24.5,,97,116
433,Derrick Rose\rosede01,PG,29,CLE,16,7,308,9.2,21.0,.439,1.0,3.8,.250,8.3,17.2,.481,5.6,6.5,.854,1.6,3.0,4.6,4.1,0.5,0.6,4.5,2.2,25.0,,97,117
433,Derrick Rose\rosede01,PG,29,MIN,9,0,112,10.3,24.1,.426,0.4,2.7,.167,9.8,21.4,.458,2.2,2.2,1.000,1.3,1.3,2.7,4.9,1.8,0.0,3.1,0.9,23.2,,94,115
434,Terrence Ross\rosste01,SG,26,ORL,24,20,600,6.2,15.6,.398,2.4,7.6,.323,3.8,8.0,.469,2.2,2.9,.750,0.8,5.1,6.0,3.1,2.2,0.9,2.4,3.7,17.1,,96,110
435,Terry Rozier\roziete01,PG,23,BOS,80,16,2068,7.6,19.3,.395,3.7,9.7,.381,3.9,9.6,.410,2.8,3.6,.772,1.5,7.6,9.1,5.6,1.9,0.5,1.9,3.0,21.7,,109,104
436,Ricky Rubio\rubiori01,PG,27,UTA,77,77,2254,7.7,18.4,.418,2.1,6.1,.352,5.6,12.3,.451,4.9,5.7,.866,1.0,6.8,7.8,9.1,2.7,0.2,4.6,4.6,22.4,,105,103
437,D'Angelo Russell\russeda01,PG,21,BRK,48,35,1234,10.9,26.4,.414,3.5,10.9,.324,7.4,15.5,.477,3.8,5.2,.740,1.2,6.3,7.4,9.8,1.4,0.7,5.8,3.7,29.2,,98,111
438,Domantas Sabonis\sabondo01,C,21,IND,74,19,1810,9.4,18.3,.514,0.4,1.0,.351,9.0,17.2,.524,4.6,6.2,.750,4.6,11.2,15.8,4.2,1.1,0.9,3.8,6.1,23.8,,110,107
439,JaKarr Sampson\sampsja02,SF,24,SAC,22,6,344,6.5,11.9,.543,0.7,1.5,.500,5.7,10.4,.549,1.5,2.4,.625,3.1,8.4,11.5,1.3,1.2,3.2,1.2,7.1,15.1,,117,108
440,Dario Saric\saricda01,PF,23,PHI,78,73,2310,8.4,18.5,.453,3.3,8.3,.393,5.1,10.2,.501,3.7,4.3,.860,3.2,7.6,10.8,4.2,1.1,0.4,3.1,3.3,23.8,,113,107
441,Tomas Satoransky\satorto01,SG,26,WAS,73,30,1643,6.1,11.6,.523,1.4,3.1,.465,4.7,8.6,.544,2.3,2.9,.781,2.2,4.9,7.0,8.6,1.6,0.5,2.5,4.0,15.8,,124,111
442,Dennis Schroder\schrode01,PG,24,ATL,67,67,2078,11.8,26.9,.436,1.8,6.2,.290,10.0,20.8,.480,5.3,6.2,.849,1.0,3.9,4.9,9.8,1.7,0.1,4.3,3.5,30.6,,104,113
443,Mike Scott\scottmi01,PF,29,WAS,76,1,1406,9.7,18.5,.527,2.3,5.8,.405,7.4,12.8,.582,1.8,2.7,.658,1.8,7.0,8.7,2.8,0.8,0.4,2.8,5.2,23.6,,109,111
444,Thabo Sefolosha\sefolth01,SF,33,UTA,38,6,806,7.3,14.9,.492,2.0,5.2,.381,5.4,9.7,.551,2.7,3.4,.815,1.8,8.2,10.0,2.1,3.2,0.7,1.9,3.7,19.4,,113,101
445,Wayne Selden\seldewa01,SG,23,MEM,35,9,692,8.5,19.7,.431,3.6,8.9,.402,4.9,10.7,.456,3.2,4.3,.746,1.2,2.9,4.1,4.8,1.3,0.4,3.9,4.3,23.7,,101,115
446,Ramon Sessions\sessira01,PG,31,TOT,28,3,392,5.3,14.8,.359,1.0,3.3,.308,4.3,11.5,.374,5.6,7.2,.772,0.8,4.1,4.8,9.7,1.8,0.3,3.8,3.7,17.2,,101,112
446,Ramon Sessions\sessira01,PG,31,NYK,13,3,167,5.0,15.7,.321,0.6,3.3,.182,4.5,12.5,.357,3.6,4.5,.800,0.3,5.0,5.3,8.0,2.1,0.3,4.5,4.2,14.2,,83,111
446,Ramon Sessions\sessira01,PG,31,WAS,15,0,225,5.5,14.1,.391,1.3,3.3,.400,4.2,10.8,.388,7.1,9.3,.762,1.1,3.3,4.4,11.0,1.5,0.2,3.3,3.3,19.4,,114,112
447,Iman Shumpert\shumpim01,SG,27,CLE,14,6,276,3.9,10.3,.379,1.2,4.6,.269,2.7,5.7,.469,2.0,2.7,.733,1.2,6.0,7.3,3.0,1.6,0.7,2.8,3.9,11.0,,91,112
448,Pascal Siakam\siakapa01,PF,23,TOR,81,5,1679,7.4,14.6,.508,0.9,3.9,.220,6.6,10.7,.612,1.6,2.6,.621,2.3,8.4,10.7,4.7,1.8,1.2,2.0,4.9,17.3,,113,105
449,Xavier Silas\silasxa01,SG,30,BOS,2,0,7,0.0,21.4,.000,0.0,14.3,.000,0.0,7.1,.000,0.0,0.0,,7.1,7.1,14.3,0.0,7.1,0.0,0.0,7.1,0.0,,27,93
450,Ben Simmons\simmobe01,PG,21,PHI,81,81,2732,9.6,17.6,.545,0.0,0.2,.000,9.6,17.4,.551,3.4,6.0,.560,2.6,9.0,11.6,11.6,2.5,1.2,4.9,3.7,22.5,,111,102
451,Jonathon Simmons\simmojo02,SG,28,ORL,69,50,2029,8.5,18.4,.465,1.7,4.9,.338,6.9,13.4,.512,4.5,5.8,.768,1.5,4.3,5.8,4.1,1.4,0.4,3.5,4.2,23.2,,103,113
452,Kobi Simmons\simmoko01,PG,20,MEM,32,12,643,6.3,14.9,.423,0.9,3.1,.282,5.4,11.8,.460,2.0,2.0,1.000,1.1,2.8,3.9,5.3,1.4,0.4,3.5,4.8,15.4,,94,115
453,Kyle Singler\singlky01,SF,29,OKC,12,0,59,5.9,17.7,.333,1.7,4.2,.400,4.2,13.5,.313,5.9,10.9,.538,0.8,7.6,8.4,1.7,0.8,0.0,2.5,3.4,19.3,,88,111
454,Marcus Smart\smartma01,SG,23,BOS,54,11,1614,5.9,15.9,.367,2.3,7.7,.301,3.5,8.2,.429,3.0,4.1,.729,1.3,4.5,5.9,8.0,2.2,0.7,4.0,4.1,17.0,,97,104
455,Dennis Smith\smithde03,PG,20,DAL,69,69,2049,9.9,25.1,.395,2.6,8.3,.313,7.3,16.8,.436,3.3,4.7,.694,1.2,5.1,6.4,8.8,1.7,0.4,4.8,3.7,25.7,,93,110
456,Ish Smith\smithis01,PG,29,DET,82,35,2043,9.5,19.6,.486,0.9,2.5,.347,8.6,17.1,.506,2.0,2.8,.698,0.7,4.8,5.5,8.8,1.6,0.5,2.6,3.4,21.8,,109,109
457,J.R. Smith\smithjr01,SG,32,CLE,80,61,2244,5.2,13.0,.403,3.1,8.3,.375,2.1,4.7,.453,0.9,1.2,.696,0.6,4.5,5.1,3.1,1.5,0.2,1.8,3.5,14.5,,103,114
458,Jason Smith\smithja02,C,31,WAS,33,2,285,7.8,20.0,.391,0.7,5.6,.125,7.1,14.5,.494,3.3,3.7,.905,3.1,6.1,9.2,2.4,0.5,2.3,2.8,7.7,19.7,,93,110
459,Josh Smith\smithjo03,PF,32,NOP,3,0,12,4.0,15.9,.250,0.0,0.0,,4.0,15.9,.250,0.0,0.0,,11.9,4.0,15.9,0.0,0.0,0.0,0.0,11.9,8.0,,94,115
460,Tony Snell\snellto01,SG,26,MIL,75,59,2053,4.5,10.3,.435,2.6,6.5,.403,1.9,3.8,.490,0.9,1.2,.792,0.2,3.2,3.4,2.4,1.1,0.7,0.9,2.8,12.5,,113,114
461,Marreese Speights\speigma01,C,30,ORL,52,3,675,10.0,25.3,.395,6.2,16.9,.369,3.8,8.4,.448,2.9,4.0,.727,1.5,8.1,9.6,2.9,0.6,1.6,2.9,7.8,29.2,,101,111
462,Nik Stauskas\stausni01,SG,24,TOT,41,0,523,5.6,14.3,.390,3.7,9.3,.400,1.9,5.0,.370,1.9,2.7,.724,0.4,5.6,5.9,3.6,0.8,0.4,2.4,2.2,16.8,,101,113
462,Nik Stauskas\stausni01,SG,24,PHI,6,0,45,1.1,4.3,.250,0.0,1.1,.000,1.1,3.2,.333,2.1,2.1,1.000,0.0,1.1,1.1,1.1,4.3,0.0,4.3,3.2,4.3,,52,104
462,Nik Stauskas\stausni01,SG,24,BRK,35,0,478,6.0,15.2,.393,4.1,10.1,.404,1.9,5.2,.373,1.9,2.7,.704,0.4,6.0,6.4,3.9,0.5,0.4,2.2,2.1,18.0,,104,114
463,Lance Stephenson\stephla01,SG,27,IND,82,7,1850,8.2,19.2,.427,1.8,6.3,.289,6.4,12.9,.495,2.3,3.4,.661,1.7,9.8,11.5,6.3,1.2,0.5,3.6,4.8,20.4,,99,108
464,David Stockton\stockda01,PG,26,UTA,3,0,9,11.1,16.7,.667,11.1,16.7,.667,0.0,0.0,,22.3,22.3,1.000,0.0,0.0,0.0,0.0,0.0,0.0,5.6,16.7,55.7,,162,113
465,Julyan Stone\stoneju01,SG,29,CHO,23,0,175,1.7,3.6,.462,1.7,3.6,.462,0.0,0.0,,0.3,0.6,.500,0.3,7.8,8.1,7.2,1.1,0.6,2.0,5.9,5.3,,123,110
466,Edmond Sumner\sumneed01,PG,22,IND,1,0,2,25.0,25.0,1.000,0.0,0.0,,25.0,25.0,1.000,0.0,0.0,,0.0,25.0,25.0,0.0,0.0,0.0,0.0,25.0,50.0,,200,101
467,Caleb Swanigan\swanica01,PF,20,POR,27,3,189,6.3,15.8,.400,0.3,2.1,.125,6.1,13.7,.442,3.2,4.7,.667,3.9,10.3,14.2,3.7,1.3,0.8,4.7,9.7,16.1,,88,105
468,Jayson Tatum\tatumja01,SF,19,BOS,80,80,2438,8.1,17.1,.475,2.2,5.0,.434,6.0,12.2,.492,4.4,5.3,.826,1.0,7.2,8.2,2.6,1.7,1.2,2.3,3.5,22.8,,111,103
469,Isaiah Taylor\taylois01,PG,23,ATL,67,9,1167,6.8,16.3,.418,0.8,3.3,.250,6.0,13.0,.461,4.1,5.9,.702,0.9,3.0,3.9,8.6,1.4,0.4,3.5,4.9,18.6,,101,114
470,Jeff Teague\teaguje01,PG,29,MIN,70,70,2311,7.7,17.2,.446,1.8,4.9,.368,5.8,12.2,.477,4.4,5.2,.845,0.5,4.0,4.5,10.6,2.2,0.5,3.8,3.7,21.5,,111,112
471,Marquis Teague\teaguma01,PG,24,MEM,3,0,74,2.7,10.9,.250,0.7,2.7,.250,2.0,8.2,.250,1.4,3.4,.400,0.7,3.4,4.1,8.9,2.7,0.0,2.0,3.4,7.5,,83,112
472,Mirza Teletovic\teletmi01,PF,32,MIL,10,0,159,7.8,17.9,.439,6.6,14.1,.467,1.3,3.8,.333,0.0,0.0,,0.9,6.3,7.2,3.1,1.3,0.3,2.2,4.4,22.3,,113,113
473,Garrett Temple\templga01,SG,31,SAC,65,35,1615,6.2,14.9,.418,2.8,7.1,.392,3.4,7.8,.442,1.9,2.4,.769,0.7,4.1,4.8,3.9,1.8,0.8,2.5,4.2,17.1,,102,112
474,Milos Teodosic\teodomi01,PG,30,LAC,45,36,1134,6.5,15.4,.419,3.8,9.9,.379,2.7,5.5,.492,1.7,2.0,.848,0.7,4.7,5.4,9.0,1.0,0.2,4.2,4.4,18.4,,107,114
475,Jason Terry\terryja01,SG,40,MIL,51,4,814,3.6,9.4,.383,2.5,7.0,.348,1.2,2.4,.487,0.5,0.6,.889,0.3,2.6,2.9,3.6,2.6,0.8,1.5,3.2,10.2,,103,111
476,Daniel Theis\theisda01,C,25,BOS,63,3,936,6.7,12.4,.541,1.0,3.1,.310,5.8,9.3,.617,3.3,4.3,.753,4.8,9.8,14.6,3.0,1.6,2.6,3.0,8.4,17.7,,117,100
477,Isaiah Thomas\thomais02,PG,28,TOT,32,15,862,8.8,23.6,.373,3.1,10.5,.293,5.7,13.1,.438,6.6,7.4,.893,1.0,2.8,3.8,8.6,0.8,0.2,5.3,3.3,27.3,,99,115
477,Isaiah Thomas\thomais02,PG,28,CLE,15,14,406,8.4,23.4,.361,2.7,10.5,.253,5.8,12.9,.449,7.1,8.2,.868,0.8,2.9,3.7,8.2,1.1,0.2,4.9,3.0,26.7,,98,116
477,Isaiah Thomas\thomais02,PG,28,LAL,17,1,456,9.1,23.8,.383,3.5,10.6,.327,5.7,13.2,.429,6.1,6.6,.921,1.0,2.7,3.8,8.9,0.6,0.1,5.7,3.5,27.8,,100,114
478,Lance Thomas\thomala01,PF,29,NYK,73,31,1353,3.7,9.8,.382,1.8,4.5,.403,1.9,5.2,.364,1.6,1.9,.830,1.6,4.8,6.4,1.6,1.1,0.5,1.5,4.9,10.9,,103,113
479,Klay Thompson\thompkl01,SG,27,GSW,73,73,2506,11.1,22.7,.488,4.4,10.0,.440,6.7,12.7,.526,1.6,1.9,.837,0.6,4.7,5.3,3.6,1.1,0.7,2.5,2.3,28.1,,110,111
480,Tristan Thompson\thomptr01,C,26,CLE,53,22,1072,6.0,10.7,.562,0.0,0.0,,6.0,10.7,.562,2.0,3.6,.544,5.8,10.3,16.1,1.5,0.7,0.8,1.6,4.7,14.0,,120,112
481,Sindarius Thornwell\thornsi01,SG,23,LAC,73,17,1156,4.2,9.8,.429,1.0,2.6,.377,3.2,7.2,.448,2.5,3.7,.670,1.4,4.5,5.9,2.9,2.0,1.1,2.2,5.3,11.9,,101,111
482,Anthony Tolliver\tollian01,PF,32,DET,79,14,1757,6.2,13.4,.464,4.5,10.4,.436,1.7,3.0,.561,3.0,3.8,.797,1.4,5.4,6.8,2.6,0.9,0.6,1.6,4.1,20.0,,126,110
483,Karl-Anthony Towns\townska01,C,22,MIN,82,82,2918,11.0,20.1,.545,2.1,4.9,.421,8.9,15.2,.585,5.9,6.9,.858,4.1,13.3,17.3,3.4,1.1,2.0,2.7,4.9,29.9,,127,107
484,P.J. Tucker\tuckepj01,PF,32,HOU,82,34,2281,3.7,9.5,.390,2.5,6.7,.371,1.2,2.8,.435,0.9,1.3,.717,2.0,7.9,9.9,1.7,1.7,0.6,1.6,4.4,10.8,,107,106
485,Evan Turner\turneev01,SF,29,POR,79,40,2034,6.3,14.1,.447,1.0,3.2,.318,5.3,10.9,.485,2.2,2.6,.850,0.7,5.2,6.0,4.2,1.1,0.7,2.4,4.0,15.9,,103,109
486,Myles Turner\turnemy01,C,21,IND,65,62,1836,8.3,17.4,.479,1.5,4.3,.357,6.8,13.1,.519,4.4,5.6,.777,2.5,8.8,11.4,2.4,1.0,3.2,2.6,5.1,22.5,,110,106
487,Ekpe Udoh\udohek01,C,30,UTA,63,3,810,3.7,7.4,.500,0.0,0.1,.000,3.7,7.4,.504,2.6,3.5,.750,4.2,5.1,9.3,3.3,2.7,4.6,1.2,6.5,10.0,,126,98
488,Tyler Ulis\ulisty01,PG,22,PHO,71,43,1658,6.2,15.9,.388,1.2,4.2,.288,5.0,11.7,.425,2.4,2.9,.832,0.7,3.0,3.7,9.0,2.0,0.2,3.7,3.5,16.0,,96,115
489,Jonas Valanciunas\valanjo01,C,25,TOR,77,77,1727,11.1,19.6,.568,0.9,2.1,.405,10.3,17.5,.587,4.9,6.0,.806,5.2,13.6,18.8,2.3,0.8,2.0,3.3,5.5,28.0,,120,103
490,Denzel Valentine\valende01,SG,24,CHI,77,37,2095,7.0,16.8,.417,3.3,8.6,.386,3.7,8.2,.450,0.9,1.2,.745,1.1,8.0,9.2,5.7,1.5,0.3,2.3,4.3,18.2,,104,111
491,Fred VanVleet\vanvlfr01,PG,23,TOR,76,0,1520,7.5,17.7,.426,3.5,8.5,.414,4.0,9.2,.437,2.7,3.3,.832,0.8,5.2,6.0,7.9,2.2,0.6,2.4,4.2,21.3,,115,106
492,Rashad Vaughn\vaughra01,SG,21,TOT,28,0,212,5.4,13.1,.411,3.3,8.7,.378,2.1,4.5,.474,0.9,1.4,.667,0.7,4.2,4.9,3.0,1.2,0.7,1.4,3.5,15.0,,107,113
492,Rashad Vaughn\vaughra01,SG,21,MIL,22,0,173,6.1,14.4,.420,3.7,10.1,.371,2.3,4.3,.533,1.2,1.7,.667,0.6,4.3,4.9,3.5,1.2,0.9,1.2,3.5,17.0,,112,113
492,Rashad Vaughn\vaughra01,SG,21,BRK,1,0,4,0.0,0.0,,0.0,0.0,,0.0,0.0,,0.0,0.0,,0.0,0.0,0.0,12.1,0.0,0.0,0.0,12.1,0.0,,233,118
492,Rashad Vaughn\vaughra01,SG,21,ORL,5,0,35,2.8,8.4,.333,1.4,2.8,.500,1.4,5.6,.250,0.0,0.0,,1.4,4.2,5.6,0.0,1.4,0.0,2.8,2.8,7.0,,67,113
493,Noah Vonleh\vonleno01,PF,22,TOT,54,16,875,5.9,13.2,.444,1.1,3.7,.303,4.7,9.5,.500,2.0,3.3,.621,3.9,13.6,17.5,1.9,1.1,1.0,1.7,3.8,14.9,,106,106
493,Noah Vonleh\vonleno01,PF,22,POR,33,12,476,4.9,10.0,.490,0.2,0.6,.333,4.7,9.4,.500,2.4,3.2,.742,3.7,13.8,17.5,1.4,0.6,1.1,1.6,4.4,12.4,,113,105
493,Noah Vonleh\vonleno01,PF,22,CHI,21,4,399,7.0,16.9,.413,2.2,7.3,.300,4.8,9.5,.500,1.6,3.3,.481,4.3,13.3,17.6,2.6,1.6,0.7,2.0,3.2,17.7,,101,108
494,Nikola Vucevic\vucevni01,C,27,ORL,57,57,1683,11.6,24.4,.475,1.9,5.9,.314,9.7,18.5,.527,2.2,2.7,.819,2.9,12.3,15.2,5.6,1.6,1.8,3.2,4.2,27.3,,105,106
495,Dwyane Wade\wadedw01,SG,36,TOT,67,3,1536,9.6,21.9,.438,1.0,3.6,.288,8.6,18.3,.468,4.3,6.1,.714,1.6,6.5,8.1,7.3,2.0,1.5,4.5,4.0,24.6,,98,109
495,Dwyane Wade\wadedw01,SG,36,CLE,46,3,1069,9.1,19.9,.455,1.1,3.2,.329,8.0,16.7,.479,4.3,6.1,.701,1.8,6.5,8.3,7.5,1.9,1.5,4.2,3.8,23.5,,102,110
495,Dwyane Wade\wadedw01,SG,36,MIA,21,0,467,10.9,26.6,.409,1.0,4.4,.220,9.9,22.1,.447,4.4,5.9,.745,1.2,6.5,7.6,7.0,2.0,1.6,5.2,4.3,27.1,,90,105
496,Dion Waiters\waitedi01,SG,26,MIA,30,30,918,8.9,22.4,.398,2.8,9.3,.306,6.1,13.1,.463,2.8,3.8,.739,0.4,3.8,4.2,6.2,1.3,0.5,3.8,3.3,23.5,,94,110
497,Kemba Walker\walkeke02,PG,27,CHO,80,80,2736,10.5,24.3,.431,4.1,10.7,.384,6.4,13.6,.469,6.5,7.5,.864,0.6,3.9,4.4,7.9,1.6,0.4,3.2,1.7,31.5,,115,111
498,John Wall\walljo01,PG,27,WAS,41,41,1410,9.9,23.5,.420,2.2,5.9,.371,7.7,17.6,.436,6.2,8.5,.726,0.8,4.5,5.3,13.8,2.0,1.6,5.6,2.8,28.1,,105,108
499,Tyrone Wallace\wallaty01,PG,23,LAC,30,19,851,6.3,14.1,.445,0.6,2.3,.250,5.7,11.8,.483,3.5,4.5,.782,1.2,4.8,6.0,4.1,1.5,0.7,2.6,4.7,16.6,,102,112
500,Taurean Waller-Prince\princta02,SF,23,ATL,82,82,2464,8.2,19.3,.426,3.5,9.1,.385,4.7,10.3,.461,3.0,3.6,.844,1.0,6.7,7.7,4.2,1.7,0.8,3.8,3.3,23.0,,100,111
501,Derrick Walton\waltode01,PG,22,MIA,16,0,147,2.7,8.5,.320,2.4,5.8,.412,0.3,2.7,.125,2.0,2.0,1.000,0.7,4.8,5.5,5.5,2.4,1.0,0.7,2.4,9.9,,123,106
502,Jameel Warney\warneja01,PF,24,DAL,3,0,27,13.0,22.3,.583,0.0,0.0,,13.0,22.3,.583,5.6,9.3,.600,7.4,9.3,16.7,0.0,0.0,0.0,1.9,3.7,31.6,,119,113
503,T.J. Warren\warretj01,SF,24,PHO,65,65,2142,11.8,23.8,.498,0.4,2.0,.222,11.4,21.7,.523,4.3,5.7,.757,2.8,4.6,7.4,1.9,1.5,0.9,1.9,3.3,28.4,,109,114
504,Travis Wear\weartr01,SF,27,LAL,17,0,228,5.2,15.1,.347,3.6,9.9,.362,1.7,5.2,.320,1.7,1.7,1.000,0.0,8.0,8.0,1.5,0.8,1.0,1.3,6.3,15.7,,98,109
505,James Webb\webbja01,SF,24,BRK,10,0,120,2.4,9.7,.250,1.6,7.7,.211,0.8,2.0,.400,0.0,0.0,,3.2,6.5,9.7,1.6,0.4,0.0,1.6,4.0,6.5,,81,114
506,Briante Weber\weberbr01,PG,25,TOT,18,0,237,4.0,9.0,.442,0.8,2.3,.364,3.2,6.7,.469,1.7,2.1,.800,1.7,5.7,7.4,4.6,3.8,1.1,3.2,5.9,10.5,,100,104
506,Briante Weber\weberbr01,PG,25,HOU,13,0,118,3.8,9.2,.409,1.7,3.8,.444,2.1,5.4,.385,1.7,1.7,1.000,1.3,6.3,7.5,5.4,4.2,1.3,2.9,7.5,10.8,,107,101
506,Briante Weber\weberbr01,PG,25,MEM,5,0,119,4.2,8.9,.476,0.0,0.8,.000,4.2,8.1,.526,1.7,2.5,.667,2.1,5.1,7.2,3.8,3.4,0.8,3.4,4.2,10.2,,92,108
507,David West\westda01,C,37,GSW,73,0,999,10.4,18.2,.571,0.1,0.4,.375,10.3,17.8,.576,2.9,3.8,.759,3.1,8.4,11.5,6.7,2.3,3.6,3.9,5.8,23.9,,113,103
508,Russell Westbrook\westbru01,PG,29,OKC,80,80,2914,12.9,28.7,.449,1.7,5.6,.298,11.2,23.2,.485,7.1,9.6,.737,2.6,11.1,13.7,14.0,2.5,0.3,6.5,3.4,34.5,,109,104
509,Andrew White\whitean01,SF,24,ATL,15,0,209,5.8,17.1,.342,4.2,11.5,.367,1.6,5.6,.292,0.2,0.9,.250,0.9,7.0,7.9,1.4,0.7,0.2,1.9,2.8,16.1,,88,113
510,Derrick White\whitede01,PG,23,SAS,17,0,139,5.8,12.0,.485,2.9,4.7,.615,2.9,7.3,.400,5.1,7.3,.700,1.8,7.6,9.5,3.3,1.5,1.1,2.2,2.9,19.6,,123,105
511,Okaro White\whiteok01,PF,25,MIA,6,4,80,4.4,10.0,.438,2.5,6.9,.364,1.9,3.1,.600,1.3,1.9,.667,1.9,5.0,6.9,1.3,0.6,0.6,0.6,3.8,12.6,,120,110
512,Isaiah Whitehead\whiteis01,PG,22,BRK,16,0,180,10.8,23.2,.465,1.9,4.9,.389,8.9,18.3,.485,3.5,5.1,.684,1.1,5.9,7.0,5.4,2.2,0.5,6.5,6.2,27.0,,90,110
513,Hassan Whiteside\whiteha01,C,28,MIA,54,54,1364,11.5,21.3,.540,0.1,0.1,1.000,11.4,21.2,.538,4.7,6.7,.703,6.4,16.3,22.7,2.0,1.4,3.5,3.4,4.8,27.8,,111,99
514,Andrew Wiggins\wiggian01,SF,22,MIN,82,82,2979,9.6,21.8,.438,1.9,5.7,.331,7.7,16.1,.475,3.4,5.3,.643,1.4,4.6,6.0,2.7,1.5,0.9,2.3,2.7,24.4,,101,113
515,Jacob Wiley\wileyja01,PF,23,BRK,5,0,33,1.5,5.9,.250,1.5,2.9,.500,0.0,2.9,.000,1.5,2.9,.500,2.9,13.2,16.2,2.9,1.5,0.0,0.0,5.9,5.9,,119,108
516,Damien Wilkins\wilkida02,SF,38,IND,19,1,152,4.3,12.8,.333,1.3,5.9,.222,3.0,6.9,.429,1.0,1.3,.750,1.6,3.6,5.3,3.0,0.7,0.3,1.6,2.3,10.9,,89,113
517,Alan Williams\willial03,PF,25,PHO,5,0,70,4.8,12.3,.389,0.0,0.0,,4.8,12.3,.389,4.1,6.2,.667,2.1,13.0,15.0,5.5,3.4,0.7,4.8,8.9,13.7,,86,105
518,C.J. Williams\willicj01,SG,27,LAC,38,17,707,6.0,13.5,.442,1.5,5.4,.282,4.5,8.2,.546,0.9,1.1,.813,0.8,3.0,3.9,3.0,2.1,0.9,1.4,4.3,14.4,,105,111
519,Derrick Williams\willide02,PF,26,LAL,2,0,9,5.3,21.3,.250,0.0,10.6,.000,5.3,10.6,.500,0.0,0.0,,0.0,5.3,5.3,0.0,0.0,0.0,0.0,0.0,10.6,,55,114
520,Lou Williams\willilo02,SG,31,LAC,79,19,2589,10.9,25.1,.435,3.5,9.7,.359,7.4,15.4,.484,8.1,9.2,.880,0.8,3.0,3.7,7.8,1.6,0.4,4.4,2.0,33.5,,112,113
521,Marvin Williams\willima02,PF,31,CHO,78,78,2006,6.3,13.7,.458,3.1,7.4,.413,3.2,6.3,.512,2.5,3.0,.829,1.8,7.2,9.0,2.3,1.4,0.9,1.6,2.8,18.1,,118,109
522,Matt Williams\willima05,SG,24,MIA,3,0,11,9.1,27.4,.333,4.6,22.8,.200,4.6,4.6,1.000,0.0,0.0,,0.0,4.6,4.6,0.0,0.0,0.0,4.6,4.6,22.8,,70,113
523,Troy Williams\willitr02,SF,23,TOT,21,1,307,8.2,17.6,.468,1.8,6.1,.289,6.5,11.5,.563,3.2,4.8,.667,3.6,6.6,10.2,2.6,3.2,0.6,3.1,5.5,21.5,,105,107
523,Troy Williams\willitr02,SF,23,HOU,4,0,17,5.8,26.0,.222,0.0,14.5,.000,5.8,11.6,.500,2.9,8.7,.333,2.9,8.7,11.6,2.9,2.9,0.0,2.9,5.8,14.5,,59,104
523,Troy Williams\willitr02,SF,23,NYK,17,1,290,8.4,17.1,.490,1.9,5.6,.333,6.5,11.5,.567,3.2,4.6,.704,3.6,6.5,10.1,2.6,3.2,0.7,3.1,5.5,21.9,,109,107
524,D.J. Wilson\wilsodj01,PF,21,MIL,22,0,71,6.3,11.2,.563,1.4,3.5,.400,4.9,7.7,.636,0.7,1.4,.500,1.4,5.6,7.0,2.1,2.1,0.7,2.8,4.9,14.7,,104,111
525,Jamil Wilson\wilsoja02,SF,27,LAC,15,10,274,6.7,14.4,.469,4.8,11.2,.429,2.0,3.2,.611,0.4,0.7,.500,0.5,5.1,5.7,1.8,0.9,1.4,1.4,6.0,18.6,,118,112
526,Justise Winslow\winslju01,PF,21,MIA,68,25,1680,6.2,14.6,.424,1.5,3.9,.380,4.7,10.7,.440,2.0,3.1,.635,1.9,9.1,11.0,4.4,1.6,1.0,2.3,4.2,15.8,,101,105
527,Jeff Withey\witheje01,C,27,DAL,9,0,39,7.7,20.6,.375,2.6,12.9,.200,5.1,7.7,.667,1.3,2.6,.500,1.3,11.6,12.9,0.0,0.0,3.9,2.6,3.9,19.3,,80,106
528,Nate Wolters\woltena01,PG,26,UTA,5,0,19,2.6,15.8,.167,0.0,0.0,,2.6,15.8,.167,0.0,0.0,,2.6,2.6,5.3,2.6,0.0,0.0,0.0,2.6,5.3,,58,112
529,Brandan Wright\wrighbr03,PF,30,TOT,28,1,381,7.8,13.5,.578,0.0,0.0,,7.8,13.5,.578,2.8,4.4,.636,4.4,8.2,12.6,1.7,1.7,3.4,1.1,4.2,18.4,,124,107
529,Brandan Wright\wrighbr03,PF,30,MEM,27,1,366,7.9,13.7,.576,0.0,0.0,,7.9,13.7,.576,2.9,4.6,.636,4.4,8.4,12.8,1.8,1.8,3.5,1.1,4.0,18.7,,124,107
529,Brandan Wright\wrighbr03,PF,30,HOU,1,0,15,6.6,9.8,.667,0.0,0.0,,6.6,9.8,.667,0.0,0.0,,3.3,3.3,6.6,0.0,0.0,3.3,0.0,9.8,13.1,,144,109
530,Delon Wright\wrighde01,PG,25,TOR,69,4,1433,6.9,14.9,.465,1.9,5.3,.366,5.0,9.6,.520,3.3,4.0,.829,1.5,5.3,6.8,6.9,2.5,1.1,2.7,2.8,19.1,,116,105
531,Guerschon Yabusele\yabusgu01,PF,22,BOS,33,4,235,5.5,13.0,.426,2.6,7.9,.324,3.0,5.1,.583,3.2,4.7,.682,3.6,7.4,11.1,3.4,0.9,1.1,2.6,4.9,16.8,,111,105
532,James Young\youngja01,SG,22,PHI,6,0,61,3.9,11.0,.357,2.4,7.9,.300,1.6,3.2,.500,3.2,4.7,.667,0.0,1.6,1.6,1.6,0.0,0.0,0.8,3.2,13.4,,106,113
533,Joe Young\youngjo01,PG,25,IND,53,1,558,7.2,16.7,.430,2.2,5.9,.379,4.9,10.7,.458,2.0,2.6,.759,1.1,4.6,5.6,3.5,1.3,0.1,2.3,3.5,18.5,,102,112
534,Nick Young\youngni01,SG,32,GSW,80,8,1393,7.0,16.9,.412,4.3,11.3,.377,2.7,5.6,.481,1.9,2.2,.862,0.7,3.6,4.3,1.2,1.3,0.2,1.4,3.5,20.1,,106,112
535,Thaddeus Young\youngth01,PF,29,IND,81,81,2607,8.1,16.6,.487,1.1,3.5,.320,7.0,13.1,.531,1.1,1.8,.598,3.5,6.3,9.8,2.9,2.6,0.7,2.0,3.4,18.3,,108,107
536,Cody Zeller\zelleco01,C,25,CHO,33,0,627,6.6,12.1,.545,0.2,0.2,.667,6.5,11.9,.542,4.7,6.6,.718,5.2,8.6,13.8,2.4,1.1,1.6,2.6,6.3,18.1,,119,108
537,Tyler Zeller\zellety01,C,28,TOT,66,34,1109,8.3,14.8,.560,0.4,1.2,.357,7.8,13.5,.578,2.5,3.5,.722,4.9,8.6,13.5,2.1,0.7,1.5,2.1,5.6,19.5,,118,111
537,Tyler Zeller\zellety01,C,28,BRK,42,33,703,8.6,15.8,.546,0.7,1.8,.385,7.9,14.0,.567,2.8,4.1,.667,4.4,9.0,13.4,1.9,0.6,1.5,2.4,5.4,20.7,,113,111
537,Tyler Zeller\zellety01,C,28,MIL,24,1,406,7.6,12.9,.590,0.0,0.2,.000,7.6,12.7,.602,2.1,2.3,.895,5.8,7.9,13.6,2.3,0.9,1.7,1.5,5.9,17.3,,130,111
538,Paul Zipser\zipsepa01,SF,23,CHI,54,12,824,4.8,13.9,.346,2.2,6.5,.336,2.6,7.3,.355,1.1,1.5,.731,0.8,7.0,7.8,2.7,1.2,0.9,2.5,5.1,12.9,,84,112
539,Ante Zizic\zizican01,C,21,CLE,32,2,214,11.2,15.3,.731,0.0,0.0,,11.2,15.3,.731,4.8,6.6,.724,5.5,8.2,13.7,1.1,0.5,3.0,2.5,6.9,27.2,,137,111
540,Ivica Zubac\zubaciv01,C,20,LAL,43,0,410,7.1,14.2,.500,0.0,0.1,.000,7.1,14.1,.504,4.6,6.0,.765,5.3,9.1,14.4,2.9,0.9,1.8,3.0,5.5,18.8,,111,107